permalink,numEmps,fundedDate,raisedAmt
lifelock,0,1-May-07,6850000
lifelock,0,1-Oct-06,6000000
lifelock,0,1-Jan-08,25000000
mycityfaces,7,1-Jan-08,50000
flypaper,0,1-Feb-08,3000000
infusionsoft,105,1-Oct-07,9000000
gauto,4,1-Jan-08,250000
chosenlist-com,5,1-Oct-06,140000
chosenlist-com,5,25-Jan-08,233750
digg,60,1-Dec-06,8500000
digg,60,1-Oct-05,2800000
facebook,450,1-Sep-04,500000
facebook,450,1-May-05,12700000
facebook,450,1-Apr-06,27500000
facebook,450,1-Oct-07,300000000
facebook,450,1-Mar-08,40000000
facebook,450,15-Jan-08,15000000
facebook,450,1-May-08,100000000
photobucket,60,1-May-06,10500000
photobucket,60,1-Mar-05,3000000
omnidrive,0,1-Dec-06,800000
geni,18,1-Jan-07,1500000
geni,18,1-Mar-07,10000000
twitter,17,1-Jul-07,5400000
twitter,17,1-May-08,15000000
stumbleupon,0,1-Dec-05,1500000
gizmoz,0,1-May-07,6300000
gizmoz,0,16-Mar-08,6500000
scribd,14,1-Jun-06,12000
scribd,14,1-Jan-07,40000
scribd,14,1-Jun-07,3710000
slacker,0,1-Jun-07,40000000
slacker,0,1-Jun-07,13500000
lala,0,1-May-07,9000000
plaxo,50,1-Nov-02,3800000
plaxo,50,1-Jul-03,8500000
plaxo,50,1-Apr-04,7000000
plaxo,50,1-Feb-07,9000000
powerset,60,1-Jun-07,12500000
technorati,25,1-Jun-06,10520000
technorati,25,1-Sep-04,6500000
technorati,25,13-Jun-08,7500000
technorati,25,10-May-07,1000000
mahalo,40,1-Jan-06,5000000
mahalo,40,1-Jan-07,16000000
kyte,40,1-Jul-07,2250000
kyte,40,1-Dec-07,15000000
kyte,40,10-Mar-08,6100000
veoh,0,1-Apr-06,12500000
veoh,0,1-Aug-07,25000000
veoh,0,1-Jul-05,2250000
veoh,0,3-Jun-08,30000000
jingle-networks,0,1-Oct-06,30000000
jingle-networks,0,1-Dec-05,5000000
jingle-networks,0,1-Apr-06,26000000
jingle-networks,0,1-Oct-05,400000
jingle-networks,0,1-Jan-08,13000000
ning,41,1-Jul-07,44000000
ning,41,1-Apr-08,60000000
jotspot,0,1-Aug-04,5200000
mercora,0,1-Jan-05,5000000
wesabe,0,1-Feb-07,700000
wesabe,0,1-Jun-07,4000000
jangl,22,1-Jul-06,7000000
hyphen8,4,1-Oct-07,100000
prosper,0,1-Jun-07,20000000
prosper,0,1-Apr-05,7500000
prosper,0,1-Feb-06,12500000
google,20000,1-Jun-99,25000000
jajah,80,1-May-07,20000000
jajah,80,1-Mar-06,3000000
jajah,80,1-Apr-06,5000000
youtube,0,1-Nov-05,3500000
youtube,0,1-Apr-06,8000000
ustream,0,1-Dec-07,2000000
ustream,0,10-Apr-08,11100000
gizmoproject,0,1-Feb-06,6000000
adap-tv,15,1-Jul-07,10000000
topix,0,1-Nov-06,15000000
revision3,0,1-Sep-06,1000000
revision3,0,1-Jun-07,8000000
aggregateknowledge,0,1-Jun-06,5000000
aggregateknowledge,0,1-Apr-07,20000000
sugarinc,0,1-Oct-06,5000000
sugarinc,0,1-Jun-07,10000000
zing,0,1-Jan-07,13000000
criticalmetrics,4,1-Jan-07,100000
spock,30,1-Dec-06,7000000
wize,0,1-Jan-07,4000000
sodahead,0,1-Jan-07,4250000
sodahead,0,25-Jun-08,8400000
casttv,0,1-Apr-07,3100000
buzznet,0,1-May-07,6000000
buzznet,0,7-Apr-08,25000000
funny-or-die,0,1-Dec-07,15000000
sphere,11,1-May-06,3000000
sphere,11,1-Apr-05,500000
meevee,0,1-Feb-06,6500000
meevee,0,1-Aug-06,8000000
meevee,0,1-Feb-05,7000000
meevee,0,1-Sep-07,3500000
mashery,0,26-Jun-08,2000000
yelp,0,1-Oct-06,10000000
yelp,0,1-Oct-05,5000000
yelp,0,1-Jul-04,1000000
yelp,0,26-Feb-08,15000000
spotplex,3,1-Jan-07,450000
coghead,21,1-Mar-06,3200000
coghead,21,1-Mar-07,8000000
zooomr,0,1-Feb-06,50000
sidestep,75,1-Feb-07,15000000
sidestep,75,1-Jan-04,8000000
sidestep,75,1-Dec-99,2200000
sidestep,75,1-Oct-00,6800000
rockyou,0,1-Jan-07,1500000
rockyou,0,1-Mar-07,15000000
rockyou,0,9-Jun-08,35000000
rockyou,0,27-May-08,1000000
pageflakes,20,1-May-06,1300000
swivel,0,1-Sep-06,1000000
swivel,0,1-Apr-07,1000000
slide,64,1-Jul-05,8000000
slide,64,1-Jan-08,50000000
bebo,0,1-May-06,15000000
freebase,0,1-Mar-06,15000000
freebase,0,1-Jan-08,42500000
metawebtechnologies,0,15-Jan-08,42000000
glammedia,0,1-Jul-04,1100000
glammedia,0,1-Jul-05,10000000
glammedia,0,1-Dec-06,18500000
glammedia,0,1-Feb-08,65000000
glammedia,0,1-Feb-08,20000000
thefind,0,1-Feb-05,7000000
thefind,0,1-Oct-06,4000000
thefind,0,1-Jul-07,15000000
zazzle,0,1-Jul-05,16000000
zazzle,0,1-Oct-07,30000000
dogster,0,1-Sep-06,1000000
pandora,80,1-Jan-04,7800000
pandora,80,1-Oct-05,12000000
pandora,80,2-Mar-00,1500000
cafepress,300,1-Mar-00,1200000
cafepress,300,1-May-01,300000
cafepress,300,1-Feb-05,14000000
pbwiki,15,11-Sep-06,350000
pbwiki,15,1-Feb-07,2100000
adbrite,0,1-Sep-04,4000000
adbrite,0,1-Feb-06,8000000
adbrite,0,1-Nov-07,23000000
loomia,0,1-Jun-05,1000000
loomia,0,1-Apr-08,5000000
meebo,40,1-Dec-05,3500000
meebo,40,1-Jan-07,9000000
meebo,40,30-Apr-08,25000000
eventbrite,13,1-Nov-06,100000
linkedin,0,1-Nov-03,4700000
linkedin,0,1-Oct-04,10000000
linkedin,0,1-Jan-07,12800000
linkedin,0,17-Jun-08,53000000
flickim,0,1-Mar-07,1600000
terabitz,12,1-Feb-07,10000000
healthline,0,1-Jan-06,14000000
healthline,0,1-Jul-07,21000000
box-net,19,1-Oct-06,1500000
box-net,19,23-Jan-08,6000000
conduit,0,1-Jul-06,1800000
conduit,0,1-Jan-08,8000000
edgeio,0,1-Jul-07,5000000
spotrunner,0,1-Jan-06,10000000
spotrunner,0,1-Oct-06,40000000
spotrunner,0,7-May-08,51000000
kaboodle,0,1-Mar-05,1500000
kaboodle,0,1-Mar-06,2000000
kaboodle,0,1-Mar-07,1500000
giga-omni-media,18,1-Jun-06,325000
visiblepath,0,1-Mar-06,17000000
visiblepath,0,1-Mar-06,7700000
wink,0,1-Jan-05,6200000
seesmic,0,1-Nov-07,6000000
seesmic,0,20-Jun-08,6000000
zvents,0,7-Nov-06,7000000
zvents,0,5-Oct-05,200000
eventful,35,1-Sep-06,7500000
eventful,35,1-Mar-05,2100000
oodle,0,1-May-06,5000000
oodle,0,1-Jul-07,11000000
odesk,0,1-Apr-06,6000000
odesk,0,1-Sep-06,8000000
odesk,0,1-Jun-08,15000000
simplyhired,0,1-Mar-06,13500000
simplyhired,0,5-Aug-05,3000000
ooma,47,1-Jan-05,8000000
ooma,47,1-Dec-06,18000000
goingon,3,1-Aug-05,1000000
flixster,17,1-Feb-07,2000000
flixster,17,4-Apr-08,5000000
piczo,0,1-Jan-07,11000000
socialtext,0,1-Jun-04,300000
socialtext,0,1-Jun-05,3100000
socialtext,0,1-Nov-07,9500000
powerreviews,0,1-Dec-05,6250000
powerreviews,0,1-Sep-07,15000000
hi5,100,1-Jul-07,20000000
hi5,100,1-Dec-07,15000000
tagged,0,1-Sep-05,1500000
tagged,0,1-Dec-05,7000000
tagged,0,1-Jul-07,15000000
jaxtr,0,1-Jul-07,1500000
jaxtr,0,1-Aug-07,10000000
jaxtr,0,23-Jun-08,10000000
m,0,1-May-07,1500000
intronetworks,9,1-May-07,2700000
leveragesoftware,21,14-May-05,6000000
lithiumtechnologies,42,17-Apr-07,9000000
lithiumtechnologies,42,1-Jun-08,12000000
genius,0,1-Mar-06,5100000
genius,0,1-Jan-07,10000000
genius,0,5-Feb-08,19000000
respectance,0,1-Jun-07,250000
respectance,0,1-Jul-07,1500000
curse,0,1-Jul-07,5000000
licketyship,0,1-Dec-07,1500000
grockit,8,1-Jun-07,2300000
grockit,8,30-May-08,8000000
peerme,0,1-Jan-05,5000000
kiptronic,20,1-Dec-06,4000000
kiptronic,20,1-Nov-05,300000
kiptronic,20,5-Jun-08,3000000
vuze,0,1-Dec-06,12000000
vuze,0,1-Dec-07,20000000
phonezoo,0,1-Jun-06,560000
phonezoo,0,1-Feb-07,1500000
droplettechnology,0,1-Oct-06,3500000
podtech,0,1-Mar-06,5500000
podtech,0,1-Jun-07,2000000
crackle,0,1-Dec-05,1750000
reddit,0,1-Jun-05,100000
wikia,0,1-Mar-06,4000000
wikia,0,1-Dec-06,10000000
retrevo,0,1-Dec-06,3200000
retrevo,0,1-Feb-06,700000
retrevo,0,20-Mar-08,8000000
buxfer,2,1-Jan-07,15000
buxfer,2,1-Apr-07,300000
yousendit,0,24-Apr-07,10000000
yousendit,0,1-Aug-05,10000000
yousendit,0,15-Jul-08,14000000
tangler,0,1-Jul-06,1500000
obopay,0,1-Feb-06,10000000
obopay,0,1-Sep-06,7000000
obopay,0,1-Jul-07,29000000
obopay,0,21-Apr-08,20000000
paypal,0,1-Apr-00,100000000
paypal,0,1-Feb-01,90000000
paypal,0,1-Jul-99,4000000
talkplus,0,1-Oct-06,5500000
vudu,50,1-Jun-05,21000000
insiderpages,0,1-Mar-06,8500000
snapfish,0,1-Nov-99,7500000
snapfish,0,1-May-00,36000000
affinitycircles,22,1-May-06,4100000
affinitycircles,22,1-Jun-05,1000000
affinitycircles,22,1-Dec-04,440000
imvu,0,1-Feb-06,1000000
nirvanix,0,19-Dec-07,18000000
fuzzwich,4,1-Jun-07,15000
gaia,0,1-Jun-06,8930000
gaia,0,1-Mar-07,12000000
gaia,0,14-Jul-08,11000000
greatcall,0,1-Aug-07,36600000
revver,0,1-Nov-05,4000000
revver,0,1-Apr-06,8700000
metacafe,0,1-Jul-06,15000000
metacafe,0,1-Aug-07,30000000
flock,40,1-Nov-05,3300000
flock,40,1-Jun-06,10000000
flock,40,21-May-08,15000000
vmixmedia,42,1-Mar-06,5000000
vmixmedia,42,1-Oct-07,16500000
kontera,0,1-Aug-07,10300000
kontera,0,1-Jul-06,7000000
tokbox,0,1-Oct-07,4000000
tokbox,0,6-Aug-08,10000000
six-apart,150,1-Oct-04,10000000
six-apart,150,1-Mar-06,12000000
six-apart,150,23-Apr-03,600000
weebly,0,1-May-07,650000
synthasite,26,1-Nov-07,5000000
bittorrent,29,1-Sep-05,8750000
bittorrent,29,1-Dec-06,25000000
kongregate,16,1-Mar-07,1000000
kongregate,16,1-Aug-07,5000000
kongregate,16,1-Apr-08,3000000
dancejam,0,1-May-07,1000000
dancejam,0,1-Feb-08,3500000
fathomonline,0,1-Jul-04,6000000
zivity,16,1-Aug-07,1000000
zivity,16,1-Mar-08,7000000
bluelithium,135,1-Feb-05,11500000
expresso,0,1-Oct-07,2000000
doostang,0,1-Sep-07,3500000
docstoc,0,1-Nov-07,750000
docstoc,0,28-Apr-08,3250000
mevio,0,1-Jul-05,8900000
mevio,0,1-Sep-06,15000000
mevio,0,9-Jul-08,15000000
purevideo,0,1-Dec-05,5600000
purevideo,0,1-Sep-07,2850000
filmloop,0,1-Feb-05,5600000
bitpass,0,1-Jul-03,1500000
bitpass,0,1-Sep-04,11800000
art-com,500,1-Feb-05,30000000
atomshockwave,0,1-Mar-01,22900000
cinemanow,0,1-Jul-04,11000000
digitalchocolate,0,1-Dec-03,8400000
digitalchocolate,0,1-Dec-03,13000000
eharmony,0,1-Jun-00,3000000
eharmony,0,1-Nov-04,110000000
friendster,465,1-Dec-02,2400000
friendster,465,1-Oct-03,13000000
friendster,465,1-Aug-06,10000000
friendster,465,5-Aug-08,20000000
greystripe,0,1-May-07,8900000
slingmedia,0,1-Nov-04,10500000
slingmedia,0,1-Jul-05,4000000
trulia,0,1-Dec-05,5700000
trulia,0,1-May-07,10000000
trulia,0,1-Sep-05,2100000
trulia,0,10-Jul-08,15000000
lendingclub,0,1-May-07,2000000
lendingclub,0,1-Aug-07,10260000
tubemogul,15,7-Feb-08,1500000
gemini,0,1-Mar-07,20000000
gemini,0,1-May-07,5000000
multiverse,0,1-May-07,4175000
multiverse,0,17-Apr-07,850000
limelife,0,28-Mar-06,10000000
limelife,0,1-Aug-05,5000000
limelife,0,24-May-07,3900000
opentable,0,1-May-99,2000000
opentable,0,1-Jan-00,10000000
opentable,0,1-Oct-00,36000000
rooftopcomedy,20,1-May-07,2500000
federatedmedia,0,1-Aug-07,4500000
federatedmedia,0,1-Apr-08,50000000
deliveryagent,0,1-May-07,18500000
deliveryagent,0,17-May-06,11000000
deliveryagent,0,29-Mar-05,5500000
reunion,100,1-Apr-07,25000000
mixercast,0,1-May-05,2600000
mixercast,0,1-Jan-08,6000000
mtraks,0,1-May-07,550000
xora,0,1-May-01,7000000
xora,0,1-Feb-03,4000000
xora,0,1-Jun-07,4000000
ooyala,0,1-Jan-08,8500000
saynow,14,1-Sep-07,7500000
crunchyroll,0,1-Feb-08,4050000
circleup,19,1-Jun-07,3000000
pixsense,0,1-Dec-06,5400000
pixsense,0,1-Jun-07,2000000
danal,0,1-Jun-07,9500000
hulu,0,1-Aug-07,100000000
ourstory,0,1-Jan-06,6300000
specificmedia,0,1-Jun-06,10000000
specificmedia,0,1-Nov-07,100000000
admob,0,1-Mar-07,15000000
mysql,0,1-Feb-06,18500000
mysql,0,1-Jun-03,19500000
attributor,0,28-Jan-06,2000000
attributor,0,2-Apr-08,12000000
attributor,0,18-Dec-06,8000000
socialmedia,15,1-Sep-07,500000
socialmedia,15,1-Oct-07,3500000
demandmedia,0,1-May-06,120000000
demandmedia,0,1-Sep-06,100000000
demandmedia,0,1-Sep-07,100000000
demandmedia,0,24-Mar-08,35000000
tripit,8,1-Apr-07,1000000
pubmatic,35,1-Jan-08,7000000
mint,22,1-Oct-07,4700000
mint,22,1-Oct-06,325000
mint,22,5-Mar-08,12000000
app2you,4,20-Nov-07,255000
app2you,4,1-Oct-06,177000
yourstreet,6,1-Oct-06,250000
tagworld,0,1-Mar-06,7500000
tagworld,0,1-Dec-06,40000000
rotohog,0,1-Aug-07,6000000
thisnext,0,1-Jan-08,5000000
thisnext,0,1-Jan-06,2500000
chesspark,0,1-Jul-07,1000000
break,0,1-Jul-07,21400000
musestorm,0,1-Jul-07,1000000
mediamachines,0,1-Aug-07,9400000
mig33,0,1-May-07,10000000
mig33,0,1-Jan-08,13500000
aliph,0,1-Jul-07,5000000
mego,15,1-May-06,1100000
mego,15,1-Jul-07,2000000
realius,3,1-May-07,500000
xobni,0,1-Jun-06,12000
xobni,0,1-Nov-06,80000
xobni,0,1-Mar-07,4260000
spoke,0,18-Nov-03,11700000
spoke,0,24-Apr-03,9200000
fixya,30,1-Jan-07,2000000
fixya,30,18-Mar-08,6000000
mozilla,150,15-Jul-03,2000000
brightqube,0,1-May-07,200000
buzzdash,0,1-Sep-06,1200000
urbanmapping,9,1-May-06,400000
consortemedia,0,1-Dec-07,7000000
ffwd,0,1-Aug-07,1700000
satisfaction,0,1-Sep-07,1300000
ringcentral,0,1-Sep-07,12000000
ringcentral,0,1-Feb-08,12000000
3jam,0,1-Jul-07,4000000
playspan,0,1-Sep-07,6500000
grouply,6,1-Jun-07,935000
grouply,6,1-Jan-08,365000
grouply,6,14-Jan-08,1300000
graspr,0,10-Jul-08,2500000
zannel,0,2-Jun-08,10000000
deca-tv,0,1-Sep-07,5000000
zimbra,0,1-Apr-06,14500000
friendfeed,0,26-Feb-08,5000000
rupture,15,1-Jul-07,3000000
jibjab,0,1-Oct-07,3000000
rubiconproject,0,1-Oct-07,4000000
rubiconproject,0,1-Oct-07,2000000
rubiconproject,0,28-Jan-08,15000000
snaplayout,0,1-May-07,650000
confabb,0,1-Aug-07,200000
uptake,0,18-Dec-07,4000000
23andme,30,1-May-07,9000000
yume,0,1-Oct-07,9000000
mochimedia,0,12-Mar-08,4000000
mochimedia,0,18-Jun-08,10000000
blurb,0,1-Oct-06,12000000
weatherbill,0,1-Oct-07,12600000
automattic,20,1-Jul-05,1100000
automattic,20,1-Jan-08,29500000
twine,0,1-Apr-06,5000000
twine,0,1-Feb-08,13000000
veodia,15,12-May-08,8300000
echosign,0,1-Oct-07,6000000
rollbase,0,1-Aug-07,400000
predictify,6,25-Mar-08,4300000
trialpay,50,1-Feb-08,12700000
socializr,0,1-Sep-07,1500000
eurekster,0,1-Dec-04,1350000
eurekster,0,13-Mar-07,5500000
gydget,0,1-Aug-06,1000000
pickspal,0,1-Oct-07,3000000
gigya,0,1-Feb-07,3000000
gigya,0,9-Mar-08,9500000
songbird,0,1-Dec-06,8000000
guardiananalytics,0,1-Oct-07,4500000
fora-tv,0,1-Oct-07,4000000
disqus,3,18-Mar-08,500000
sezwho,9,1-Oct-07,1000000
yieldbuild,0,3-Mar-08,6000000
akimbo,0,1-Jun-06,15500000
akimbo,0,1-Jul-04,12000000
akimbo,0,1-Jun-03,4200000
akimbo,0,29-Feb-08,8000000
laszlosystems,60,6-Mar-08,14600000
laszlosystems,60,15-Apr-05,6250000
brightroll,0,1-Oct-07,5000000
merchantcircle,10,1-Sep-07,10000000
minekey,0,1-Aug-07,3000000
bookingangel,0,1-Aug-07,100000
loopt,0,1-Jun-05,6000
loopt,0,23-Jul-07,8250000
fix8,0,1-Oct-07,3000000
fix8,0,3-Apr-08,2000000
mybuys,0,21-Feb-07,2800000
mybuys,0,8-Oct-07,10000000
blackarrow,35,1-Oct-07,12000000
blackarrow,35,1-Nov-06,14750000
peerflix,0,1-Oct-05,8000000
peerflix,0,1-Mar-05,2000000
fatdoor,0,1-Nov-07,5500000
fatdoor,0,1-Feb-07,1000000
fatdoor,0,1-May-07,500000
verimatrix,100,1-Jun-06,8000000
verimatrix,100,1-Oct-07,5000000
billeo,0,1-Nov-07,7000000
billeo,0,1-Apr-06,4000000
caring-com,0,1-Sep-07,6000000
ask-com,475,1-Mar-99,25000000
projectplaylist,0,1-Sep-07,3000000
blowtorch,0,1-Nov-07,50000000
gamelayers,0,1-Oct-07,500000
mogreet,0,1-Aug-07,1200000
mogreet,0,20-Jun-08,2500000
yourtrumanshow,0,1-Dec-06,1300000
apprema,0,1-Nov-07,800000
trustedid,100,1-Jan-07,5000000
trustedid,100,18-Oct-07,10000000
seeqpod,25,1-Apr-08,7000000
quantenna,0,1-Nov-07,12700000
qwaq,0,1-Nov-07,7000000
uber,24,26-May-08,7600000
cashview,0,1-Sep-07,6500000
crossloop,8,1-Dec-07,3000000
dapper,20,1-Dec-07,3000000
anchorintelligence,0,1-Jan-07,2000000
anchorintelligence,0,1-Sep-07,4000000
edgecast,30,1-Dec-07,6000000
edgecast,30,1-Jun-07,4000000
kosmix,0,1-Dec-07,10000000
goodreads,0,1-Nov-07,750000
ribbit,28,1-Dec-07,10000000
ribbit,28,1-Oct-06,3000000
jobvite,0,1-Dec-07,7200000
juicewireless,0,1-Apr-05,500000
juicewireless,0,1-Jan-06,1500000
juicewireless,0,1-Jul-06,4000000
juicewireless,0,1-Mar-07,3300000
juicewireless,0,1-Dec-07,6000000
qik,22,9-Apr-08,3000000
playfirst,0,1-Dec-07,16500000
playfirst,0,1-Jan-06,5000000
mobissimo,15,1-Apr-04,1000000
chumby,20,1-Dec-06,5000000
chumby,20,31-Mar-08,12500000
ugobe,0,1-Oct-06,8000000
ausra,4,1-Sep-07,40000000
causes,0,1-Jan-07,2350000
causes,0,1-Mar-08,5000000
nanosolar,0,1-May-05,20000000
nanosolar,0,1-Jun-06,75000000
shozu,0,1-May-05,12000000
shozu,0,29-Jan-08,12000000
tesla-motors,270,1-May-06,40000000
tesla-motors,270,1-May-07,45000000
tesla-motors,270,1-Apr-04,7500000
tesla-motors,270,1-Feb-05,13000000
tesla-motors,270,8-Feb-08,40000000
bunchball,0,1-Oct-06,2000000
bunchball,0,13-Apr-08,4000000
pinger,0,1-Dec-06,8000000
hooja,0,1-Dec-07,1250000
travelmuse,11,1-May-07,3000000
cooking-com,0,1-Jan-08,7000000
cooking-com,0,1-May-00,35000000
cooking-com,0,1-Apr-99,16000000
cooking-com,0,1-Oct-99,30000000
meraki,0,1-Feb-07,5000000
meraki,0,1-Jan-08,20000000
sugarcrm,0,1-Jan-08,14500000
sugarcrm,0,1-Oct-05,18770000
sugarcrm,0,1-Aug-04,2000000
sugarcrm,0,1-Feb-05,5750000
puddingmedia,11,1-Jan-08,8000000
4homemedia,10,1-Jan-07,2850000
pageonce,0,1-Jan-08,1500000
bluepulse,0,1-Apr-07,6000000
mogad,2,1-Aug-07,500000
devicevm,0,1-Aug-06,10000000
devicevm,0,1-Oct-07,10000000
outspark,0,11-Apr-07,4000000
outspark,0,1-Jan-08,11000000
engineyard,60,1-Jan-08,3500000
engineyard,60,13-Jul-08,15000000
plymedia,0,1-Oct-06,2500000
plymedia,0,1-Jul-08,6000000
fabrik,175,1-Sep-05,4100000
fabrik,175,1-Jun-06,8000000
fabrik,175,1-Feb-07,14300000
fabrik,175,1-May-07,24900000
widgetbox,0,1-Jun-06,1500000
widgetbox,0,1-Jan-08,8000000
widgetbox,0,1-Jun-07,5000000
razorgator,0,1-Mar-05,26000000
razorgator,0,1-Mar-06,22800000
oversee,150,1-Jan-07,60000000
oversee,150,1-Jan-08,150000000
zynga,90,1-Jan-08,10000000
zynga,90,22-Jul-08,29000000
smaato,0,1-Jan-08,3500000
credit-karma,4,1-May-07,750000
greenplum,0,1-Jan-08,27000000
greenplum,0,1-Feb-07,15000000
greenplum,0,1-Mar-06,15000000
greenplum,0,1-Feb-07,4000000
amobee,0,1-Nov-06,5000000
amobee,0,1-Jan-07,15000000
webmynd,0,1-Jul-08,250000
currenttv,0,29-Jul-05,15000000
heroku,3,1-Jan-08,20000
heroku,3,8-May-08,3000000
lookery,9,7-Feb-08,900000
mill-river-labs,5,1-Jan-08,900000
grouptivity,10,1-May-06,2000000
aductions,5,5-Jul-07,100000
venturebeat,0,11-Feb-08,320000
collarity,30,1-Feb-08,7800000
rocketon,0,1-Feb-08,5800000
what-they-like,10,29-Aug-07,990000
gumgum,5,1-Dec-07,225000
gumgum,5,21-Jul-08,1000000
snap-technologies,32,1-Jul-05,10000000
twofish,0,1-Jun-07,5000000
three-rings,30,3-Mar-08,3500000
smalltown,8,1-Nov-05,4000000
sparkplay-media,0,1-Feb-08,4250000
mog,0,1-Mar-07,1800000
mog,0,29-Apr-08,2800000
social-gaming-network,0,13-May-08,15000000
danger,0,1-Oct-01,36000000
danger,0,1-Feb-03,35000000
danger,0,1-Jul-04,37000000
coverity,0,1-Feb-08,22000000
genietown,8,1-Oct-07,2000000
redux,11,1-Mar-07,1650000
redux,11,7-Apr-08,6500000
evernote,0,1-Mar-06,6000000
evernote,0,1-Sep-07,3000000
numobiq,0,8-Feb-08,4500000
goldspot-media,0,23-Jan-08,3000000
mobixell,0,8-Jul-08,6000000
ad-infuse,0,23-Jan-08,12000000
ad-infuse,0,1-Jun-06,5000000
sendme,0,1-Dec-06,6000000
sendme,0,18-Mar-08,15000000
tiny-pictures,15,1-Aug-07,4000000
tiny-pictures,15,1-Feb-08,7200000
flurry,0,8-Mar-07,3500000
sharpcast,0,8-Mar-06,13500000
sharpcast,0,8-Mar-06,3000000
teneros,0,1-Jul-04,7000000
teneros,0,1-Mar-05,17500000
teneros,0,1-Apr-06,20000000
teneros,0,1-Jan-08,40000000
photocrank,3,1-Apr-07,250000
yodlee,0,4-Jun-08,35000000
sliderocket,5,31-Dec-07,2000000
surf-canyon,3,31-Jul-07,250000
surf-canyon,3,8-May-08,600000
central-desktop,0,16-Apr-08,7000000
opendns,15,1-Jun-06,2000000
coveo,0,6-Mar-08,2500000
vizu,0,20-Feb-06,1000000
vizu,0,31-Jan-07,2900000
taltopia,0,8-Mar-08,800000
kapow-technologies,0,6-Mar-08,11600000
kapow-technologies,0,1-Feb-05,5100000
programmermeetdesigner-com,4,12-Dec-07,500000
liveops,0,1-Apr-04,22000000
liveops,0,13-Feb-07,28000000
clickpass,0,1-Jun-07,20000
searchme,52,1-Jul-05,400000
searchme,52,1-Jan-06,3600000
searchme,52,1-Jun-07,12000000
searchme,52,1-Oct-07,15000000
searchme,52,1-May-08,12600000
accountnow,0,29-Jun-07,12750000
dailystrength,14,18-May-07,4000000
popularmedia,0,1-Mar-07,4250000
popularmedia,0,28-Jul-08,8000000
clarizen,5,1-May-08,9000000
sellpoint,0,27-Feb-08,7000000
livedeal,0,26-Oct-05,4900000
neoedge-networks,0,8-Jun-07,3000000
zuora,30,13-Mar-08,6500000
jivox,0,10-Mar-08,2700000
jivox,0,16-Jun-08,10700000
elastra,0,15-Aug-07,2600000
kwiry,3,20-Mar-07,1000000
supplyframe,25,21-Jun-07,7000000
inmage-systems,0,10-Jul-07,10000000
authenticlick,20,1-Feb-06,5000000
interneer,6,6-Jun-07,2000000
interneer,6,11-Mar-07,1200000
handipoints,0,2-May-07,250000
handipoints,0,2-May-08,550000
adconion-media-group,150,24-Feb-08,80000000
zend-technologies,0,28-Aug-06,20000000
zend-technologies,0,19-Jul-04,8000000
slideshare,10,7-May-08,3000000
intent,6,1-Feb-08,250000
wikimedia-foundation,0,25-Mar-08,3000000
clearwell-systems,75,22-Aug-07,17000000
become,0,25-Mar-08,17500000
become,0,17-Jul-08,8000000
bubble-motion,0,26-Mar-08,14000000
bubble-motion,0,11-Sep-06,10000000
perfect-market,0,9-Jul-08,15600000
glassdoor,12,27-Mar-08,3000000
support-space,0,24-Oct-06,4250000
xoopit,0,1-Dec-06,1500000
xoopit,0,2-Apr-08,5000000
reality-digital,0,1-Nov-05,2000000
reality-digital,0,31-Mar-08,6300000
cloud9-analytics,0,25-Jul-07,5000000
netcipia,3,30-Aug-07,200000
icontrol,0,2-Apr-08,15500000
icontrol,0,26-Apr-06,5000000
frengo,0,1-Dec-06,2300000
frengo,0,3-May-07,5700000
mblox,0,23-Feb-06,25000000
mblox,0,9-Mar-05,7500000
mblox,0,9-Jul-04,10000000
mblox,0,28-Jan-08,22000000
esolar,10,17-Jan-08,10000000
esolar,10,21-Apr-08,130000000
marin-software,0,5-Oct-06,2000000
marin-software,0,9-Apr-08,7250000
sibeam,0,1-Dec-04,1250000
sibeam,0,1-May-05,15000000
sibeam,0,1-Aug-06,21000000
sibeam,0,7-Apr-08,40000000
lumosity,0,11-Jun-07,400000
lumosity,0,3-Jun-08,3000000
irise,150,1-Mar-08,20000000
richrelevance,0,8-Apr-08,4200000
labmeeting,0,1-May-08,500000
shopflick,10,15-Mar-08,1000000
shopflick,10,1-Jul-08,7000000
turnhere,35,15-Feb-08,7500000
turnhere,35,1-Nov-06,1100000
coupa,0,13-Mar-07,1500000
coupa,0,9-Apr-08,6000000
squaretrade,0,1-Oct-99,400000
squaretrade,0,10-Apr-08,9000000
v-enable,0,28-Feb-06,6000000
v-enable,0,21-Sep-03,3750000
aeria,0,1-Oct-07,288000
heysan,6,24-Jan-07,20000
memeo,0,7-Jan-08,8100000
imageshack,0,1-May-07,10000000
pluggedin,0,15-Apr-08,2000000
cellspin,12,1-Dec-06,1100000
remixation,5,1-Jul-07,1000000
the-auteurs,9,1-Aug-07,750000
modern-feed,0,1-Apr-07,3000000
grou-ps,0,1-Jun-08,1100000
triggit,5,1-Mar-07,350000
triggit,5,1-Jul-07,500000
serious-business,6,25-Apr-08,4000000
presdo,1,1-Dec-07,35000
nile-guide,0,5-Jun-08,8000000
adify,10,1-Aug-06,8000000
adify,10,18-Apr-07,19000000
invensense,0,28-Apr-08,19000000
centerd,0,1-Feb-07,1000000
centerd,0,1-Oct-07,5500000
centerd,0,1-May-07,500000
new-relic,0,1-Apr-08,3500000
gridstone-research,0,4-Apr-08,10000000
fusionops,10,1-Mar-05,4000000
marketlive,0,5-May-08,20000000
snaplogic,0,22-May-07,2500000
boardwalktech,20,1-Oct-06,500000
rosum,0,15-Apr-08,15000000
citizenhawk,0,12-May-08,3000000
dilithium-networks,0,23-Apr-03,10000000
dilithium-networks,0,14-Mar-05,18000000
dilithium-networks,0,3-Jul-07,33000000
passenger,0,5-Nov-07,8300000
passenger,0,14-Mar-08,12200000
experience-project,0,13-May-08,3000000
mozes,0,22-Feb-07,5000000
mozes,0,1-May-08,11500000
rvita,6,1-Oct-07,1000000
mefeedia,6,19-Mar-08,250000
wavemaker-software,0,15-Apr-08,4500000
virtuallogix,0,11-Jul-07,16000000
fonemesh,7,1-Jun-08,100000
fonemesh,7,1-May-08,150000
cognition-technologies,20,15-Jul-08,2700000
sometrics,0,14-May-08,1000000
socialvibe,0,1-Dec-07,4200000
deviantart,0,21-Jun-07,3500000
mythings,0,1-Apr-06,8000000
mywaves,35,8-Dec-06,6000000
litescape,0,6-Aug-07,14000000
nextbio,0,6-Jun-07,7000000
parascale,0,23-Jun-08,11370000
row44,0,20-May-08,21000000
jellycloud,0,16-May-08,6600000
aster-data-systems,50,1-Nov-05,1000000
aster-data-systems,50,1-May-07,5000000
pixim,0,7-Mar-07,15000000
pixim,0,9-Jun-05,12000000
pixim,0,12-Jun-07,5100000
funambol,0,8-Aug-05,5000000
funambol,0,1-Dec-06,5500000
funambol,0,17-Jun-08,12500000
funambol,0,1-Jun-08,2000000
moblyng,0,21-May-08,5700000
moblyng,0,28-Mar-07,1530000
zecter,3,1-Jun-07,15000
votigo,0,31-Dec-07,1265000
zinio,0,12-Sep-05,7000000
dreamfactory,0,8-May-06,5800000
greennote,15,1-Oct-07,4200000
skyfire,0,1-Jun-07,4800000
skyfire,0,28-May-08,13000000
edufire,0,9-Apr-08,400000
b-hive-networks,0,25-Aug-06,7000000
vmware,5000,30-Jul-07,150000000
katalyst-media,11,28-Jan-08,10000000
neurovigil,5,30-May-08,250000
sylantro,0,1-Apr-06,11000000
sylantro,0,1-Nov-03,4500000
sylantro,0,1-Oct-00,55000000
teleflip,0,1-Jan-08,4900000
vidshadow,16,15-Feb-07,2000000
jigsaw,0,1-Dec-03,750000
jigsaw,0,1-Sep-04,5200000
jigsaw,0,1-Mar-06,12000000
ozmo-devices,0,30-Mar-06,12550000
cooliris,0,1-Jul-07,3000000
gamook,0,16-Mar-08,1500000
vindicia,0,31-Mar-08,5600000
dizzywood,0,7-Feb-08,1000000
limbo,37,25-Apr-07,8000000
startforce,21,1-Sep-07,1000000
coolearth,9,20-Feb-08,21000000
coolearth,9,1-Jun-07,1000000
yield-software,0,4-Jun-08,6000000
tapulous,9,1-Jul-08,1800000
codefast,0,15-Mar-05,6500000
hyperic,0,10-May-06,3800000
ipling-2,7,1-Mar-08,300000
intacct,100,29-Apr-08,15000000
intacct,100,27-Jun-07,14000000
vivaty,25,1-Aug-07,9400000
aurora-biofuels,0,10-Jun-08,20000000
eeye,0,1-Jun-04,15000000
eeye,0,1-Dec-02,9000000
allbusiness-com,50,1-Jul-04,10000000
allbusiness-com,50,1-Feb-06,12400000
insideview,40,1-Jun-07,7400000
clickability,0,14-Jul-08,3500000
keibi-technologies,30,1-May-07,5000000
robodynamics,5,1-Sep-03,100000
robodynamics,5,1-May-06,500000
imagespan,0,23-Jun-08,11000000
solarflare,0,18-Jun-08,26000000
clupedia,0,22-May-07,1300000
zigabid,10,1-Dec-06,500000
zigabid,10,1-Feb-08,500000
inthrma,3,1-Oct-07,10000
webaroo,0,22-Dec-06,10000000
webaroo,0,5-Jul-08,10000000
fluid-entertainment,0,12-Mar-08,3200000
unisfair,0,21-Jan-08,10000000
on24,0,11-Jul-08,8000000
trueanthem,10,28-Jul-08,2000000
colizer,0,1-Apr-04,120000
coremetrics,0,9-Mar-06,31000000
coremetrics,0,4-Apr-08,60000000
minted,0,18-Jul-08,2500000
appirio,0,13-Mar-08,1100000
appirio,0,21-Jul-08,10000000
samfind,3,1-Jan-06,20000
eye-fi,0,11-Jun-07,5500000
responselogix,0,23-Jan-08,8000000
qumu,0,21-Jul-08,10700000
carbonflow,0,23-Jul-08,2900000
allvoices,8,31-Jul-07,4500000
moxsie,0,27-Jun-08,1000000
service-now-com,80,5-Jul-05,2500000
service-now-com,80,5-Dec-06,5000000
anvato,0,29-Jul-08,550000
vantage-media,150,28-Feb-07,70000000
entone-technologies,80,1-Aug-08,14500000
entone-technologies,80,2-May-03,9500000
750-industries,7,1-Aug-08,1000000
plastic-logic,0,20-Apr-02,13700000
plastic-logic,0,5-Jan-05,8000000
plastic-logic,0,30-Nov-05,24000000
plastic-logic,0,6-Jan-07,100000000
plastic-logic,0,4-Aug-08,50000000
paymo,0,1-Aug-08,5000000
brilliant-telecom,0,4-Aug-08,11000000
skygrid,0,6-Aug-08,11000000
intensedebate,4,1-May-07,15000
associatedcontent,0,1-Jan-06,5400000
associatedcontent,0,1-Jul-07,10000000
madkast,0,1-Mar-07,15000
madkast,0,1-Oct-07,300000
eventvue,0,1-Aug-07,15000
eventvue,0,1-Sep-07,250000
socialthing,6,18-May-07,15000
socialthing,6,1-Oct-07,500000
jsquaredmedia,0,1-Aug-07,15000
searchtophone,0,1-Aug-07,15000
filtrbox,0,1-Aug-07,15000
filtrbox,0,28-Feb-08,500000
brightkite,0,1-Aug-07,15000
brightkite,0,1-Mar-08,1000000
newsgator,0,23-Jun-04,1400000
newsgator,0,1-Dec-07,12000000
newsgator,0,1-Dec-04,8600000
me-dium,0,1-Jun-07,15000000
buzzwire,0,1-Dec-07,8000000
hivelive,0,1-Feb-08,2200000
hivelive,0,27-Feb-08,5600000
xaware,0,1-Jan-08,7400000
xaware,0,1-Nov-02,2100000
lijit,0,1-Jan-07,900000
lijit,0,1-Jun-07,3300000
hubbuzz,8,1-Mar-07,750000
gnip,6,1-Mar-08,1100000
collective-intellect,0,1-Feb-06,2600000
collective-intellect,0,15-Apr-08,6600000
rally-software,0,4-Jun-08,16850000
rally-software,0,14-Jun-06,8000000
symplified,0,9-Jun-08,6000000
indeed,0,1-Aug-05,5000000
geezeo,0,24-Apr-08,1200000
entrecard,1,1-Jan-07,30000
entrecard,1,1-Nov-07,40000
americantowns-com,10,1-Jul-06,1100000
americantowns-com,10,1-Sep-07,3300000
kayak,58,1-May-06,11500000
kayak,58,1-Dec-04,7000000
kayak,58,1-Dec-07,196000000
gocrosscampus,25,1-Sep-07,375000
health-plan-one,0,21-Apr-08,6500000
your-survival,10,1-Nov-07,350000
media-lantern,9,30-Mar-08,250000
gridpoint,0,1-Sep-07,32000000
gridpoint,0,1-May-06,16000000
gridpoint,0,1-Sep-06,21000000
gridpoint,0,28-Mar-08,15000000
hotpads-com,11,1-Mar-07,2300000
launchbox,0,1-Feb-08,250000
cogent,0,12-Feb-08,510000
swapdrive,0,1-May-00,2650000
swapdrive,0,1-May-01,2000000
searchles,0,1-Jul-08,2000000
payperpost,0,1-Jun-07,7000000
payperpost,0,1-Oct-06,3000000
affinityinternet,0,1-Oct-99,60000000
affinityinternet,0,1-Jan-02,25000000
multiply,0,1-Nov-05,2000000
multiply,0,1-Jul-06,3000000
multiply,0,1-Aug-07,16600000
revolutionmoney,0,1-Sep-07,50000000
batanga,0,1-Aug-07,30000000
batanga,0,1-Apr-06,5000000
divorce360,6,1-Sep-07,2500000
infinitybox,3,1-Jan-06,18000
infinitybox,3,1-Apr-06,100000
moli,0,1-Jan-08,29600000
global-roaming,29,1-Feb-07,7500000
global-roaming,29,1-Feb-08,23000000
slingpage,8,1-Dec-07,2250000
wrapmail,10,6-Jan-07,1100000
ejamming,0,2-Jun-08,150000
lehigh-technologies,0,23-Jun-08,34500000
tournease,10,1-Apr-06,3000000
tournease,10,1-Mar-08,500000
vitrue,0,1-Oct-07,10000000
vitrue,0,1-May-06,2200000
screamingsports,0,1-Jul-07,1250000
berecruited,0,1-Nov-07,1200000
mfg,0,1-Sep-05,14000000
mfg,0,1-Jan-07,4000000
mfg,0,1-Jan-08,26000000
scintella-solutions,2,30-Apr-08,10000
scribestorm,12,24-Apr-06,225000
balihoo,0,1-Jul-07,1500000
balihoo,0,1-Jan-08,4000000
info,0,1-Nov-04,8400000
feedburner,0,1-Jun-04,1000000
feedburner,0,1-Apr-05,7000000
viewpoints,0,1-Jun-07,5000000
grubhub,0,1-Nov-07,1100000
ticketsnow,0,1-Jan-07,34000000
the-point,0,1-Nov-07,2500000
the-point,0,1-Feb-08,4800000
inkling,2,1-Jan-07,20000
crowdspring,6,23-May-08,3000000
ifbyphone,16,1-Jul-07,1500000
fave-media,18,17-Jan-08,1600000
accertify,0,3-Jun-08,4000000
firefly-energy,0,14-Oct-04,4000000
firefly-energy,0,10-Jun-08,15000000
firefly-energy,0,13-Nov-06,10000000
savo,68,1-Sep-05,10000000
chacha,75,1-Jan-07,6000000
chacha,75,1-Nov-07,10000000
betterworld,0,7-Apr-08,4500000
compendium-blogware,25,1-May-07,1100000
compendium-blogware,25,1-May-08,1600000
instagarage,4,10-May-07,25000
iskoot,0,27-Feb-07,7000000
iskoot,0,29-Nov-06,6200000
gotuitmedia,0,1-Dec-04,10000000
gotuitmedia,0,1-Dec-02,6000000
carbonite,68,1-Mar-06,2500000
carbonite,68,1-Dec-06,3500000
carbonite,68,1-May-07,15000000
carbonite,68,28-Dec-07,5000000
scanscout,40,1-Mar-07,7000000
scanscout,40,1-Apr-07,2000000
going,0,1-Jul-07,5000000
brightcove,0,1-Mar-05,5500000
brightcove,0,1-Nov-05,16200000
brightcove,0,1-Jan-07,59500000
brightcove,0,1-Sep-06,5000000
brightcove,0,1-May-08,4900000
permissiontv,0,1-Jun-07,9000000
bountii,0,1-Jun-07,15000
conduitlabs,0,1-Aug-07,5500000
zoominfo,80,1-Jul-04,7000000
zoominfo,80,1-Jul-04,7000000
vlingo,0,2-Apr-08,20000000
vtap,0,1-May-07,14000000
mocospace,25,1-Jan-07,3000000
quattro-wireless,0,1-May-07,6000000
quattro-wireless,0,5-Sep-07,12300000
care-com,0,1-May-07,3100000
onforce,0,1-Sep-07,6750000
onforce,0,12-Jan-06,15000000
ratepoint,0,1-Jun-07,6500000
updown,5,29-Jan-08,750000
eons,0,1-Mar-07,22000000
eons,0,1-Apr-06,10000000
gamerdna,0,18-Apr-08,3000000
mixandmeet,2,29-Mar-08,400000
sermo,0,1-Sep-07,25000000
sermo,0,1-Jan-07,9500000
sermo,0,1-Sep-06,3000000
worklight,30,1-Sep-06,5100000
worklight,30,30-Apr-08,12000000
matchmine,0,1-Sep-07,10000000
condodomain,4,1-Jun-05,300000
utest,10,1-Oct-07,2300000
compete,0,1-Aug-07,10000000
compete,0,6-Oct-03,13000000
azuki,30,1-Sep-07,6000000
acinion,0,1-Dec-06,5000000
acinion,0,1-Oct-07,16000000
xkoto,45,1-Nov-07,7500000
hubspot,30,1-Sep-07,5000000
hubspot,30,16-May-08,12000000
hubspot,30,1-May-06,500000
utterz,3,1-Sep-07,4000000
intronis,0,1-Oct-07,5000000
acquia,11,1-Dec-07,7000000
a123systems,0,1-Oct-07,30000000
a123systems,0,1-Jan-07,40000000
a123systems,0,1-Feb-06,30000000
bostonpower,55,1-Nov-06,8000000
bostonpower,55,1-Jan-08,45000000
bostonpower,55,1-Jan-07,15600000
visiblemeasures,0,1-Mar-07,5000000
visiblemeasures,0,1-Jan-08,13500000
visiblemeasures,0,1-Jan-06,800000
endeca,500,1-Jun-04,15000000
endeca,500,1-Jan-08,15000000
endeca,500,1-Nov-01,15000000
endeca,500,1-Jan-01,10000000
choicestream,70,1-Jan-00,15000000
choicestream,70,22-Feb-05,7000000
choicestream,70,1-Jun-06,13100000
choicestream,70,4-Apr-07,26500000
youcastr,5,1-Feb-08,100000
jackpot-rewards,0,1-Feb-08,16700000
mzinga,0,3-Mar-08,32500000
dimdim,0,1-Feb-07,2400000
dimdim,0,1-Jul-08,6000000
utoopia,2,1-Mar-07,100000
retail-convergence,0,24-Apr-08,25000000
frame-media,0,9-Nov-07,2000000
frame-media,0,2-May-08,3000000
turbine,200,29-Apr-08,40000000
turbine,200,9-May-05,30000000
zeer,5,1-Aug-07,1050000
simpletuition,0,14-Apr-06,4400000
simpletuition,0,18-Dec-06,7500000
sirtris-pharmaceuticals,0,1-Dec-04,13000000
sirtris-pharmaceuticals,0,8-Mar-05,27000000
sirtris-pharmaceuticals,0,19-Apr-06,37000000
good-data,30,23-Jul-08,2000000
navic-networks,0,14-Feb-00,2000000
navic-networks,0,26-Feb-01,20000000
navic-networks,0,7-Jun-00,20000000
pivot,40,1-Dec-04,5000000
pivot,40,1-Apr-06,8000000
optaros,200,1-Jun-08,12000000
optaros,200,20-Nov-06,13000000
optaros,200,9-Mar-05,7000000
astaro,0,1-May-03,6200000
astaro,0,1-May-04,6700000
pangea-media,25,1-Apr-07,1000000
posterous,0,1-May-08,15000
spire,0,8-Jul-08,9000000
neosaej,0,14-Jul-08,7000000
genarts,0,17-Jul-08,22400000
ordermotion,0,21-Jul-08,1400000
ham-it,7,1-Oct-07,340000
freewebs,35,1-Aug-06,12000000
mptrax,4,1-Jan-07,350000
jackbe,0,1-Oct-07,9500000
zenimax,0,1-Oct-07,300000000
zenimax,0,30-May-08,9900000
intelliworks,24,14-Feb-05,6000000
intelliworks,24,10-Oct-06,10000000
intelliworks,24,7-Apr-08,4000000
hexio,1,10-Jan-08,20000
foneshow,8,1-Sep-07,1050000
foneshow,8,1-Sep-06,25000
zattoo,45,1-Nov-07,10000000
loudclick,9,31-Mar-08,600000
agilis-systems,0,16-May-08,5000000
international-liars-poker-association,24,1-Nov-07,1250000
channeladvisor,300,1-May-07,30000000
channeladvisor,300,22-Jan-04,7000000
channeladvisor,300,28-Apr-05,18000000
yap,0,1-Mar-07,1500000
yap,0,10-Jun-08,6500000
prepchamps,10,22-Apr-08,1200000
silkroad-technology,0,19-Feb-08,10000000
silkroad-technology,0,15-May-08,54000000
brightdoor-systems,26,13-Apr-07,200000
drifttoit,4,1-Jun-07,300000
rpath,45,24-Jan-06,6400000
rpath,45,24-Jan-07,9100000
rpath,45,24-Jun-08,10000000
ntractive,6,8-Jul-08,570000
billmelater,0,1-Mar-06,27400000
adaptiveblue,6,15-Feb-07,1500000
phanfare,0,1-Nov-07,2500000
phanfare,0,1-Jul-06,2000000
enterprisedb,0,7-Sep-05,7000000
enterprisedb,0,1-Aug-06,20000000
enterprisedb,0,25-Mar-08,10000000
neocleus,0,19-Jun-08,11000000
datapipe,0,8-Jul-08,75000000
switch2health,0,16-Jul-08,200000
voltaix,0,29-Jul-08,12500000
spaboom,9,15-Jul-06,700000
spaboom,9,15-Sep-07,600000
novint,0,17-Jun-08,5200000
meetmoi,7,1-Jun-07,1500000
meetup,1,1-Dec-02,2800000
meetup,1,1-Nov-03,5300000
meetup,1,23-Jul-08,7500000
mogulus,20,1-May-07,1200000
mogulus,20,1-Jan-08,1500000
mogulus,20,1-Jul-08,10000000
pando,23,1-Jan-07,11000000
pando,23,1-Mar-08,20900000
outside-in,17,1-Feb-07,900000
outside-in,17,1-Oct-07,1500000
outside-in,17,19-May-08,3000000
selectminds,55,1-Aug-07,5500000
veotag,0,1-May-07,750000
roo,100,8-May-08,15000000
roo,100,18-Apr-08,5000000
contextweb,0,1-Jun-04,3000000
contextweb,0,1-Jun-05,9000000
contextweb,0,20-Jul-08,26000000
datranmedia,0,1-Mar-05,60000000
eyeblaster,0,1-Dec-03,8000000
eyeblaster,0,21-Mar-07,30000000
covestor,0,1-Jun-07,1000000
covestor,0,7-Apr-08,6500000
globalgrind,20,1-Aug-07,4500000
heavy-com,0,1-Mar-01,3000000
spiralfrog,15,1-Dec-07,2000000
broadbandenterprises,0,1-Jan-08,10000000
thumbplay,0,13-Mar-08,18000000
waterfrontmedia,0,1-Sep-07,25000000
waterfrontmedia,0,1-Mar-04,4000000
waterfrontmedia,0,1-Mar-06,6000000
waterfrontmedia,0,1-Apr-07,8000000
tutor,55,1-May-07,13500000
daylife,0,1-Jun-07,8300000
teachthepeople,1,1-Jan-07,300000
healthcare-health-human-powered-search,18,1-Jun-08,2300000
snooth,0,1-Dec-06,300000
snooth,0,1-Nov-07,1000000
5min,8,1-Apr-07,300000
5min,8,1-Nov-07,5000000
kaltura,20,1-May-07,2100000
mimeo,0,1-Sep-07,25000000
rayv,0,1-Oct-07,8000000
tumblr,0,31-Oct-07,750000
payoneer,50,24-Jul-08,8000000
exelate,0,1-Oct-07,4000000
quigo,0,1-Mar-04,5000000
peer39,50,1-Feb-07,3000000
peer39,50,1-Sep-07,8200000
peer39,50,1-Mar-06,500000
rebelmonkey,15,5-Feb-08,1000000
answers,0,1-Jan-99,300000
answers,0,1-Apr-99,1360000
answers,0,1-Sep-99,2750000
answers,0,1-May-00,28000000
answers,0,17-Jun-08,13000000
seetoo,0,1-Oct-07,1000000
drop-io-2,0,1-Nov-07,1250000
drop-io-2,0,10-Mar-08,2700000
motionbox,0,1-Sep-06,4200000
motionbox,0,1-Dec-07,7000000
dgplabs,0,1-Nov-07,4750000
ideeli,0,1-Dec-07,3800000
livegamer,0,1-Dec-07,24000000
weshow,0,1-Jun-07,5000000
etsy,45,1-Jun-06,315000
etsy,45,1-Nov-06,1000000
etsy,45,1-Jul-07,3250000
etsy,45,1-Jan-08,27000000
phonetag,10,1-Feb-07,3500000
phonetag,10,1-Jan-04,200000
phonetag,10,1-Dec-07,2000000
tremormedia,0,1-Sep-06,8400000
tremormedia,0,1-Jan-08,11000000
yoonew,0,1-Aug-05,2000000
fifthgenerationsystems,0,1-Jan-08,5300000
fifthgenerationsystems,0,1-Nov-06,5250000
igaworldwide,0,1-Feb-06,12000000
igaworldwide,0,1-Jul-07,25000000
igaworldwide,0,1-Jan-08,5000000
theladders,200,8-Nov-04,7250000
adotube,30,31-Jul-07,630000
adotube,30,1-Apr-08,600000
kluster,0,1-Jan-08,1000000
blog-talk-radio,0,25-Jun-08,4600000
pingg,7,1-Jan-07,500000
pingg,7,1-Mar-07,800000
outbrain,0,1-Jan-07,1000000
outbrain,0,25-Feb-08,5000000
mochila,52,2-Jan-07,8000000
olx,85,1-Sep-07,10000000
olx,85,11-Apr-08,13500000
boonty,150,7-Jul-05,10000000
tripology,0,1-Jan-07,1250000
the-feedroom,0,9-Jul-08,12000000
next-new-networks,15,1-Jan-07,8000000
next-new-networks,15,12-Mar-08,15000000
riverwired,0,1-Mar-08,1500000
fynanz,10,1-Oct-07,500000
digital-railroad,0,14-Jun-05,5200000
digital-railroad,0,5-Feb-07,10000000
silicon-alley-insider,0,16-Jul-08,900000
undertone-networks,0,31-Mar-08,40000000
someecards,0,1-Apr-08,350000
trunkt,2,15-May-07,350000
cutcaster-2,6,1-Jan-08,150000
visible-world,0,14-Apr-08,25000000
visible-world,0,17-Nov-03,8000000
mad-mimi,3,29-Apr-07,200000
social-median,0,7-Mar-08,500000
scanbuy,0,12-Dec-06,9000000
scanbuy,0,1-Nov-07,6800000
pontiflex,0,30-Apr-08,2500000
chic-tv,12,1-Jan-06,500000
expertflyer,3,1-Mar-04,30000
x-1,0,1-Jun-08,16000000
media6,0,1-May-08,2000000
knewton,0,21-May-08,2500000
sense-networks,0,1-Apr-08,3000000
targetspot,20,11-Mar-08,8600000
bountyjobs,31,7-Jul-08,12000000
vbs-tv,40,1-Dec-06,10000000
instinctiv,0,1-Jun-08,750000
visualplant,6,1-Mar-07,500000
xunlight,0,7-May-08,22000000
strands,150,1-Mar-06,6000000
strands,150,18-Jun-07,25000000
strands,150,1-Dec-07,24000000
jivesoftware,0,1-Aug-07,15000000
platial,0,1-Oct-05,800000
platial,0,1-Feb-07,2600000
garagegames,0,1-Sep-07,50000000
iovation,50,27-Mar-08,15000000
ingrid,0,1-Jul-07,13500000
ingrid,0,1-Sep-04,6600000
ingrid,0,1-Jun-06,8100000
ingrid,0,1-Jun-06,1500000
sleep-fm,4,30-Mar-08,15000
boomi,0,1-Jul-08,4000000
styky,3,1-Jan-07,100000
totaltakeout,25,1-Oct-07,150000
redlasso,0,1-Nov-07,6500000
qpondirect,10,1-Mar-08,300000
energyweb-solutions,3,15-Jun-06,100000
aria-systems,0,7-Nov-07,4000000
vivsimo,0,17-Mar-08,4000000
vivsimo,0,12-Jul-03,960000
vivsimo,0,4-Jul-02,500000
vivsimo,0,1-Jun-00,100000
vivsimo,0,29-Jan-01,100000
showclix,0,1-Oct-07,150000
showclix,0,1-Jun-08,250000
biowizard,8,3-Jan-08,1000000
ticketleap,4,22-Jul-08,2000000
tizra,0,1-May-07,500000
quickoffice,0,5-Feb-07,7000000
quickoffice,0,1-Jan-06,11500000
quickoffice,0,23-May-08,3000000
thoof,0,1-Jun-07,1000000
bazaarvoice,0,1-May-06,4000000
bazaarvoice,0,1-Sep-07,8800000
bazaarvoice,0,18-Jun-08,7100000
smallworldlabs,25,19-Mar-08,1000000
pluck,0,6-Oct-04,8500000
pluck,0,14-Nov-06,7000000
spiceworks,0,1-Aug-07,8000000
spendview,3,1-Jan-08,2000000
shangby,0,1-Jun-07,1000000
onnetworks,20,1-Nov-06,4000000
onnetworks,20,1-Nov-07,12000000
careflash,0,1-Aug-07,600000
heliovolt,0,1-Aug-07,77000000
challenge-games,0,10-Jul-08,4500000
woot,100,1-Jan-08,4000000
mumboe,17,1-Oct-06,4500000
breakingpoint-systems,54,12-Nov-07,15000000
famecast,0,1-Jun-07,4500000
click-forensics,0,1-Jan-07,5000000
click-forensics,0,1-Mar-08,10000000
godtube,0,4-May-08,30000000
ibiz-software,50,20-May-08,250000
cosential,10,1-Jun-02,250000
jad-tech-consulting,6,23-Sep-93,125000
mozy,26,1-May-05,1900000
mozy,26,1-May-05,1900000
ancestry-com,0,1-Sep-99,33200000
movenetworks,0,1-Dec-06,11300000
movenetworks,0,1-Oct-07,34000000
movenetworks,0,14-Apr-08,46000000
worldvitalrecords,0,1-Sep-07,1200000
bungee-labs,38,14-Mar-08,8000000
footnote,31,1-Jan-08,8000000
mediaforge,0,1-Jul-06,1500000
teamstreamz,5,10-Jan-07,80000
exinda,0,22-May-04,6000000
clearspring,0,1-May-06,2500000
clearspring,0,1-Feb-07,5500000
clearspring,0,20-May-08,18000000
clearspring,0,27-Jul-07,10000000
availmedia,0,1-May-07,17000000
availmedia,0,1-Nov-07,25000000
fortiusone,0,1-May-07,5450000
mixx,0,1-Sep-07,1500000
mixx,0,1-Feb-08,2000000
jobfox,0,1-Jan-08,20000000
jobfox,0,1-May-06,13000000
jobfox,0,1-Apr-05,7000000
healthcentral,0,1-Jan-08,50000000
comscore,0,6-Jun-02,20000000
comscore,0,13-Aug-01,15000000
visualcv,20,28-Jan-08,2000000
paxfire,0,22-May-05,2100000
shoutwire,9,1-Jan-07,500000
parature,100,5-Jul-06,13500000
parature,100,7-May-08,16000000
loladex,2,1-Nov-07,350000
appian,120,21-Jul-08,10000000
fortisphere,50,19-Nov-07,10000000
wetpaint,35,1-Oct-05,5250000
wetpaint,35,1-Jan-07,9500000
wetpaint,35,1-May-05,25000000
jobster,0,1-Aug-05,19500000
jobster,0,1-Jul-06,18000000
jobster,0,1-Jan-05,8000000
jobster,0,25-Apr-08,7000000
yapta,0,1-Jul-07,2300000
yapta,0,1-Jul-07,700000
farecast,26,1-Oct-04,1500000
farecast,26,1-Jul-05,7000000
farecast,26,1-Jan-07,12100000
hautesecure,0,1-Jan-07,500000
newsvine,6,1-Jul-05,1250000
ilike,28,1-Jan-06,2500000
ilike,28,1-Jan-06,13300000
redfin,100,1-Jul-07,12000000
redfin,100,1-May-06,8000000
redfin,100,1-Sep-05,770000
actionengine,0,1-May-00,7700000
actionengine,0,1-May-02,5000000
actionengine,0,1-Jan-05,10000000
actionengine,0,1-Mar-03,15500000
actionengine,0,1-Jul-07,20000000
wishpot,0,29-Apr-08,1000000
payscale,0,1-Oct-04,3200000
payscale,0,1-Oct-05,7000000
payscale,0,1-Jul-07,10300000
buddytv,0,1-Jul-07,2800000
buddytv,0,1-May-07,250000
buddytv,0,14-Apr-08,6000000
judysbook,0,1-Jul-04,2500000
judysbook,0,1-Nov-05,8000000
sampa,4,1-Aug-07,310000
sampa,4,2-Apr-08,1000000
zango,225,1-Mar-04,40000000
cdigix,0,1-Nov-05,4000000
ripl,0,1-Aug-07,4500000
eyejot,5,1-May-07,750000
eyejot,5,1-Jan-07,400000
flowplay,6,1-May-07,500000
flowplay,6,6-Feb-08,3700000
smartsheet,0,1-Jun-07,2690000
visibletechnologies,60,1-Aug-06,3500000
visibletechnologies,60,1-Sep-07,12000000
zillow,155,1-Oct-05,32000000
zillow,155,1-Jul-06,25000000
zillow,155,1-Sep-07,30000000
seomoz,0,1-Sep-07,1250000
docusign,0,1-Apr-06,10000000
docusign,0,1-Sep-07,12400000
adready,33,1-Dec-07,10000000
treemo,0,1-Oct-07,2550000
gridnetworks,0,1-Oct-07,9500000
pelago,0,1-Nov-06,7400000
pelago,0,27-May-08,15000000
blist,0,20-Feb-08,6500000
realself,0,1-Oct-07,1000000
rescuetime,0,14-Oct-07,20000
zoji,0,1-Oct-07,1500000
snapvine,20,1-Jul-06,2000000
snapvine,20,1-Sep-07,10000000
jott,0,1-May-07,5400000
earthclassmail,0,1-Sep-07,7400000
earthclassmail,0,1-Jan-08,5900000
smilebox,0,1-Feb-06,5000000
smilebox,0,1-Dec-07,7000000
fyreball,0,1-Dec-07,1000000
delve-networks,0,1-Dec-06,1650000
delve-networks,0,1-Aug-07,8000000
livemocha,0,1-Jan-08,6000000
mercentcorporation,50,1-Jan-08,6500000
cleverset,0,1-Aug-06,1400000
cleverset,0,1-Sep-05,1200000
cleverset,0,1-Dec-07,500000
liquidplanner,11,1-Jan-08,1200000
limeade,10,1-Jan-07,1000000
yodio,4,1-Feb-08,850000
tastemakers,11,1-Feb-07,1000000
whitepages-com,125,1-Aug-05,45000000
revenuescience,0,19-Dec-05,24000000
gotvoice,15,25-Oct-06,3000000
cardomain-network,50,29-Jun-07,3000000
mpire,0,1-Feb-07,9800000
mpire,0,11-Jun-08,10000000
teachstreet,8,1-Mar-08,2250000
estately,0,24-Apr-08,450000
infinia,0,22-Apr-08,57000000
infinia,0,1-Jun-07,9500000
m-metrics,0,16-Oct-05,7000000
cozi,26,11-Jul-07,3000000
cozi,26,1-Jun-08,8000000
trusera,15,1-Jun-07,2000000
alerts-com,0,8-Jul-08,1200000
myrio,75,1-Jan-01,20500000
grid-networks,0,30-Oct-07,9500000
grid-networks,0,20-May-08,10500000
