id,first_name,last_name,email,gender,ip_address,number,column1
1,Alan,Wagner,awagner0@ca.gov,Male,130.172.223.66,1,3/9/2016
2,Wanda,Stephens,wstephens1@amazon.com,Female,110.228.83.197,2,12/13/2016
3,Amanda,Hernandez,ahernandez2@newyorker.com,Female,65.166.57.100,3,9/22/2016
4,Paula,Mccoy,pmccoy3@plala.or.jp,Female,254.244.73.41,4,10/3/2016
5,Janet,Howell,jhowell4@rakuten.co.jp,Female,82.22.164.252,5,5/16/2016
6,Irene,Morris,imorris5@google.com.hk,Female,85.167.78.70,6,1/27/2017
7,Raymond,Gray,rgray6@gmpg.org,Male,59.204.208.28,7,11/20/2016
8,Anthony,Baker,abaker7@sitemeter.com,Male,92.220.218.251,8,12/23/2016
9,Thomas,Long,tlong8@amazon.co.uk,Male,72.225.154.136,9,1/3/2017
10,Brandon,Porter,bporter9@pcworld.com,Male,85.145.8.116,10,8/30/2016
11,Sarah,Alexander,salexandera@vinaora.com,Female,32.76.63.41,11,7/14/2016
12,Charles,Pierce,cpierceb@wikia.com,Male,97.223.169.200,12,3/7/2016
13,Peter,Stanley,pstanleyc@wiley.com,Male,83.137.146.51,13,1/28/2017
14,Kelly,Perkins,kperkinsd@reuters.com,Female,235.99.91.202,14,3/17/2016
15,Virginia,Frazier,vfraziere@oaic.gov.au,Female,23.169.36.187,15,9/1/2016
16,Fred,Hall,fhallf@flickr.com,Male,115.146.182.152,16,4/22/2016
17,Alan,Stevens,astevensg@comcast.net,Male,151.61.95.58,17,11/20/2016
18,Mildred,Jackson,mjacksonh@hostgator.com,Female,155.198.86.9,18,6/14/2016
19,Christopher,Miller,cmilleri@discovery.com,Male,255.53.239.130,19,7/15/2016
20,Sandra,Morales,smoralesj@dropbox.com,Female,156.6.244.47,20,7/7/2016
21,Jason,Ferguson,jfergusonk@princeton.edu,Male,153.128.73.30,21,7/2/2016
22,Cynthia,Harrison,charrisonl@feedburner.com,Female,193.105.96.7,22,6/25/2016
23,Timothy,Griffin,tgriffinm@ovh.net,Male,43.223.174.139,23,10/1/2016
24,Virginia,Day,vdayn@tuttocitta.it,Female,41.227.71.43,24,2/19/2017
25,Steve,Meyer,smeyero@umn.edu,Male,111.134.85.167,25,9/28/2016
26,Wayne,Mcdonald,wmcdonaldp@jiathis.com,Male,143.208.87.123,26,8/10/2016
27,Antonio,Mendoza,amendozaq@marketwatch.com,Male,98.112.81.186,27,4/8/2016
28,Joe,Morris,jmorrisr@berkeley.edu,Male,77.16.246.178,28,2/26/2016
29,Christopher,Myers,cmyerss@taobao.com,Male,198.200.178.127,29,4/9/2016
30,Teresa,Watson,twatsont@utexas.edu,Female,110.222.188.5,30,6/13/2016
31,Rachel,Barnes,rbarnesu@mashable.com,Female,146.206.217.172,31,4/10/2016
32,Anna,Flores,afloresv@reddit.com,Female,46.184.235.231,32,7/18/2016
33,Charles,Cunningham,ccunninghamw@mozilla.com,Male,7.75.69.89,33,1/15/2017
34,Terry,Hernandez,thernandezx@pinterest.com,Male,117.187.194.177,34,10/10/2016
35,David,Reynolds,dreynoldsy@soundcloud.com,Male,5.160.243.98,35,1/24/2017
36,Martin,Green,mgreenz@mozilla.com,Male,116.13.203.236,36,7/14/2016
37,Willie,Gonzales,wgonzales10@ed.gov,Male,74.33.102.125,37,1/3/2017
38,Irene,Burke,iburke11@vkontakte.ru,Female,247.47.2.164,38,4/26/2016
39,Teresa,Cole,tcole12@domainmarket.com,Female,199.215.115.240,39,2/4/2017
40,Harold,Chapman,hchapman13@deviantart.com,Male,27.21.156.49,40,9/21/2016
41,Arthur,Cook,acook14@home.pl,Male,121.195.61.247,41,5/17/2016
42,Edward,Burton,eburton15@geocities.com,Male,85.41.120.207,42,2/18/2017
43,Lisa,Turner,lturner16@sciencedaily.com,Female,77.219.171.26,43,7/13/2016
44,Margaret,Lewis,mlewis17@google.pl,Female,215.83.224.80,44,5/1/2016
45,Ronald,Andrews,randrews18@unc.edu,Male,125.192.243.142,45,3/11/2016
46,Janet,Mills,jmills19@ucla.edu,Female,42.121.203.118,46,6/16/2016
47,Thomas,Garcia,tgarcia1a@thetimes.co.uk,Male,21.197.199.139,47,8/17/2016
48,Juan,Gutierrez,jgutierrez1b@4shared.com,Male,121.135.38.83,48,6/14/2016
49,Terry,Lawson,tlawson1c@cpanel.net,Male,183.117.187.8,49,7/6/2016
50,Henry,Brown,hbrown1d@cisco.com,Male,136.214.234.130,50,10/9/2016
51,Jose,Day,jday1e@constantcontact.com,Male,181.226.23.154,51,11/23/2016
52,Frances,Anderson,fanderson1f@cbslocal.com,Female,99.131.49.70,52,1/8/2017
53,Karen,Collins,kcollins1g@friendfeed.com,Female,214.115.63.19,53,5/8/2016
54,Helen,George,hgeorge1h@state.tx.us,Female,247.67.23.42,54,11/29/2016
55,Joe,Romero,jromero1i@shutterfly.com,Male,245.105.193.57,55,5/18/2016
56,Eric,Henry,ehenry1j@ocn.ne.jp,Male,187.6.157.152,56,12/17/2016
57,Heather,Cooper,hcooper1k@homestead.com,Female,148.234.9.60,57,5/22/2016
58,Brenda,Cole,bcole1l@sourceforge.net,Female,97.111.2.102,58,7/28/2016
59,Judith,White,jwhite1m@cbc.ca,Female,74.22.19.45,59,10/9/2016
60,Laura,Edwards,ledwards1n@admin.ch,Female,54.39.30.244,60,8/6/2016
61,Scott,Diaz,sdiaz1o@liveinternet.ru,Male,12.235.173.94,61,2/15/2017
62,Shirley,Myers,smyers1p@prweb.com,Female,237.113.2.202,62,10/10/2016
63,Jimmy,Elliott,jelliott1q@goo.ne.jp,Male,40.172.6.6,63,9/28/2016
64,Steven,Palmer,spalmer1r@nsw.gov.au,Male,221.173.252.142,64,9/21/2016
65,Susan,Bailey,sbailey1s@rakuten.co.jp,Female,8.54.221.88,65,10/8/2016
66,Matthew,Cox,mcox1t@salon.com,Male,251.170.244.179,66,4/15/2016
67,Stephen,Phillips,sphillips1u@cdc.gov,Male,28.172.225.143,67,12/3/2016
68,Mary,Adams,madams1v@smh.com.au,Female,221.136.242.201,68,7/5/2016
69,Andrew,Sanders,asanders1w@mapy.cz,Male,139.189.197.210,69,5/8/2016
70,Billy,Carr,bcarr1x@webs.com,Male,132.31.243.65,70,4/17/2016
71,Harold,Holmes,hholmes1y@dropbox.com,Male,65.152.20.45,71,3/4/2016
72,Donald,Price,dprice1z@arstechnica.com,Male,158.52.92.148,72,12/2/2016
73,Sharon,Willis,swillis20@hostgator.com,Female,4.124.249.60,73,9/11/2016
74,Phyllis,Gonzales,pgonzales21@marketwatch.com,Female,216.228.137.165,74,4/11/2016
75,Kevin,Kennedy,kkennedy22@wikimedia.org,Male,239.112.62.33,75,12/2/2016
76,Anne,Howell,ahowell23@meetup.com,Female,149.24.185.2,76,2/15/2017
77,Sarah,Hicks,shicks24@cmu.edu,Female,23.84.42.152,77,6/8/2016
78,Patrick,Wood,pwood25@yellowbook.com,Male,221.203.1.191,78,5/9/2016
79,Alan,Powell,apowell26@cargocollective.com,Male,126.251.148.17,79,9/2/2016
80,Kimberly,Phillips,kphillips27@theglobeandmail.com,Female,181.211.130.230,80,8/11/2016
81,David,Lopez,dlopez28@npr.org,Male,167.11.146.167,81,3/20/2016
82,George,Sanchez,gsanchez29@ucoz.com,Male,249.199.41.247,82,5/9/2016
83,Shirley,Ross,sross2a@bbc.co.uk,Female,152.194.70.42,83,9/3/2016
84,Betty,Morris,bmorris2b@unc.edu,Female,23.169.187.185,84,6/25/2016
85,Evelyn,Campbell,ecampbell2c@parallels.com,Female,146.172.21.119,85,4/30/2016
86,Jesse,Davis,jdavis2d@shinystat.com,Male,41.248.98.196,86,5/6/2016
87,Donald,Carroll,dcarroll2e@kickstarter.com,Male,50.34.42.78,87,4/11/2016
88,Pamela,Nichols,pnichols2f@yellowbook.com,Female,53.42.92.72,88,2/4/2017
89,Teresa,Johnson,tjohnson2g@com.com,Female,75.136.75.187,89,8/15/2016
90,Willie,Williams,wwilliams2h@salon.com,Male,119.29.175.68,90,9/5/2016
91,Joseph,Flores,jflores2i@un.org,Male,11.232.177.55,91,2/1/2017
92,Jane,Murphy,jmurphy2j@newyorker.com,Female,238.68.26.207,92,11/26/2016
93,Peter,Peters,ppeters2k@gravatar.com,Male,147.98.205.242,93,11/22/2016
94,Lois,Lawrence,llawrence2l@wired.com,Female,26.17.46.114,94,10/31/2016
95,Kelly,Sanders,ksanders2m@hao123.com,Female,69.127.118.71,95,9/17/2016
96,Diana,Bradley,dbradley2n@cpanel.net,Female,216.218.250.147,96,4/7/2016
97,Kelly,Bryant,kbryant2o@hexun.com,Female,108.14.58.156,97,1/30/2017
98,Brian,Martinez,bmartinez2p@umn.edu,Male,21.70.42.181,98,1/17/2017
99,Sara,Carter,scarter2q@marriott.com,Female,57.109.109.88,99,10/15/2016
100,Betty,Montgomery,bmontgomery2r@marriott.com,Female,209.69.211.121,100,11/24/2016
101,Gary,Washington,gwashington2s@admin.ch,Male,4.69.115.230,101,1/9/2017
102,Russell,Arnold,rarnold2t@blog.com,Male,213.7.237.225,102,11/1/2016
103,Jose,Hanson,jhanson2u@ucoz.com,Male,154.225.202.81,103,1/12/2017
104,Harold,Price,hprice2v@samsung.com,Male,163.58.211.141,104,10/16/2016
105,Harold,Lewis,hlewis2w@hc360.com,Male,141.25.99.197,105,1/4/2017
106,Lisa,Nichols,lnichols2x@jimdo.com,Female,118.174.248.164,106,1/17/2017
107,Eugene,Olson,eolson2y@shareasale.com,Male,181.31.40.16,107,5/19/2016
108,Roger,Matthews,rmatthews2z@google.com,Male,107.119.19.54,108,2/25/2016
109,Theresa,Schmidt,tschmidt30@ucla.edu,Female,122.184.166.104,109,3/14/2016
110,Richard,Simpson,rsimpson31@bluehost.com,Male,37.30.204.94,110,4/22/2016
111,John,Carpenter,jcarpenter32@rakuten.co.jp,Male,131.116.62.28,111,2/3/2017
112,Anna,Hicks,ahicks33@dailymotion.com,Female,187.123.140.141,112,12/29/2016
113,Diane,Carpenter,dcarpenter34@newsvine.com,Female,166.225.194.202,113,11/14/2016
114,John,Cox,jcox35@cbsnews.com,Male,98.35.1.211,114,1/13/2017
115,Amy,Marshall,amarshall36@alexa.com,Female,94.241.168.241,115,2/12/2017
116,Diane,Edwards,dedwards37@businesswire.com,Female,172.201.82.252,116,12/7/2016
117,Beverly,Miller,bmiller38@newyorker.com,Female,144.196.235.173,117,10/12/2016
118,Jimmy,Wagner,jwagner39@examiner.com,Male,230.130.248.71,118,8/21/2016
119,Phyllis,Nguyen,pnguyen3a@webs.com,Female,55.207.48.72,119,2/22/2017
120,Pamela,Rivera,privera3b@businessinsider.com,Female,36.119.151.251,120,5/19/2016
121,Patricia,Campbell,pcampbell3c@washingtonpost.com,Female,208.8.144.11,121,12/24/2016
122,Benjamin,Sims,bsims3d@forbes.com,Male,112.141.76.78,122,12/14/2016
123,Louis,Sanders,lsanders3e@mail.ru,Male,56.91.4.27,123,2/15/2017
124,Rose,Howell,rhowell3f@jalbum.net,Female,1.150.184.29,124,10/28/2016
125,Joseph,Stevens,jstevens3g@walmart.com,Male,157.167.193.217,125,2/4/2017
126,Anna,Franklin,afranklin3h@issuu.com,Female,128.57.205.222,126,12/2/2016
127,Ruth,Baker,rbaker3i@wikimedia.org,Female,168.206.29.237,127,7/2/2016
128,Gregory,Peters,gpeters3j@answers.com,Male,16.135.76.252,128,6/25/2016
129,Jean,Bishop,jbishop3k@state.tx.us,Female,11.209.212.135,129,2/6/2017
130,Anthony,Cruz,acruz3l@google.ru,Male,134.14.199.115,130,8/9/2016
131,Kathryn,Porter,kporter3m@businessinsider.com,Female,63.156.253.210,131,4/28/2016
132,Carlos,Day,cday3n@github.com,Male,177.213.68.218,132,7/15/2016
133,Joshua,Watson,jwatson3o@xing.com,Male,54.186.180.252,133,1/26/2017
134,Benjamin,Diaz,bdiaz3p@nifty.com,Male,166.156.66.172,134,6/18/2016
135,Eric,Armstrong,earmstrong3q@telegraph.co.uk,Male,73.50.131.248,135,11/20/2016
136,Russell,Grant,rgrant3r@goodreads.com,Male,50.104.76.136,136,6/28/2016
137,Nicholas,Meyer,nmeyer3s@hexun.com,Male,36.9.186.206,137,5/31/2016
138,Billy,Dunn,bdunn3t@businessweek.com,Male,70.239.27.126,138,2/12/2017
139,Linda,Lee,llee3u@tripod.com,Female,131.194.230.216,139,9/11/2016
140,Annie,Oliver,aoliver3v@mtv.com,Female,57.184.232.219,140,6/4/2016
141,Richard,Harvey,rharvey3w@shutterfly.com,Male,239.118.108.183,141,3/3/2016
142,Rachel,Pierce,rpierce3x@alexa.com,Female,193.239.48.208,142,6/19/2016
143,Donna,Parker,dparker3y@indiatimes.com,Female,118.139.29.210,143,12/14/2016
144,Larry,Myers,lmyers3z@google.it,Male,202.75.92.184,144,10/28/2016
145,Shirley,Murphy,smurphy40@homestead.com,Female,89.30.151.199,145,7/3/2016
146,Kathleen,Washington,kwashington41@theguardian.com,Female,44.33.142.226,146,5/11/2016
147,Martin,Brown,mbrown42@aol.com,Male,103.217.91.115,147,4/5/2016
148,Michael,Grant,mgrant43@disqus.com,Male,88.104.58.148,148,4/8/2016
149,Ronald,Nichols,rnichols44@bravesites.com,Male,59.149.154.8,149,4/2/2016
150,Lois,Romero,lromero45@paypal.com,Female,74.90.103.226,150,8/16/2016
151,Amanda,Hernandez,ahernandez46@hostgator.com,Female,77.170.173.169,151,5/19/2016
152,Patrick,Ward,pward47@wiley.com,Male,1.38.220.67,152,5/13/2016
153,Martha,Nelson,mnelson48@berkeley.edu,Female,136.195.85.2,153,6/16/2016
154,Margaret,Morales,mmorales49@blogger.com,Female,183.37.204.173,154,6/13/2016
155,Irene,Arnold,iarnold4a@nps.gov,Female,233.76.99.90,155,8/21/2016
156,Susan,Murphy,smurphy4b@facebook.com,Female,69.250.210.228,156,11/15/2016
157,Kathryn,Carroll,kcarroll4c@apache.org,Female,254.170.191.139,157,7/24/2016
158,Dorothy,Morgan,dmorgan4d@t-online.de,Female,176.237.99.115,158,10/3/2016
159,Walter,Perez,wperez4e@google.pl,Male,30.136.224.99,159,5/25/2016
160,Jacqueline,Fields,jfields4f@nymag.com,Female,106.36.38.169,160,9/23/2016
161,Jeremy,Griffin,jgriffin4g@ameblo.jp,Male,33.163.25.80,161,2/2/2017
162,Joyce,Henderson,jhenderson4h@businessweek.com,Female,198.160.193.75,162,12/1/2016
163,Jesse,Campbell,jcampbell4i@engadget.com,Male,91.190.143.194,163,1/22/2017
164,Sandra,Brown,sbrown4j@about.com,Female,245.76.243.55,164,12/24/2016
165,Teresa,Woods,twoods4k@admin.ch,Female,26.196.153.29,165,5/31/2016
166,Craig,Cole,ccole4l@nifty.com,Male,30.127.173.40,166,3/5/2016
167,Denise,Carr,dcarr4m@washington.edu,Female,16.153.16.144,167,8/17/2016
168,Alan,Green,agreen4n@ed.gov,Male,58.94.127.9,168,10/6/2016
169,Anne,Wilson,awilson4o@buzzfeed.com,Female,105.76.91.162,169,12/10/2016
170,Jesse,Medina,jmedina4p@mail.ru,Male,179.151.160.66,170,9/19/2016
171,Timothy,Lawson,tlawson4q@weebly.com,Male,123.245.229.156,171,2/26/2016
172,Sara,Kelly,skelly4r@kickstarter.com,Female,192.171.241.160,172,7/13/2016
173,Harold,Watkins,hwatkins4s@elegantthemes.com,Male,159.243.123.183,173,3/28/2016
174,Gerald,Gibson,ggibson4t@fotki.com,Male,117.220.103.152,174,2/19/2017
175,Andrea,Wilson,awilson4u@cyberchimps.com,Female,83.178.32.255,175,10/24/2016
176,Jacqueline,Dunn,jdunn4v@tripadvisor.com,Female,155.115.139.21,176,2/21/2017
177,Teresa,James,tjames4w@furl.net,Female,166.5.241.109,177,3/13/2016
178,Nicole,Roberts,nroberts4x@soundcloud.com,Female,26.81.138.40,178,12/27/2016
179,Marie,Oliver,moliver4y@behance.net,Female,174.221.184.72,179,6/6/2016
180,Annie,Simpson,asimpson4z@nasa.gov,Female,48.2.172.123,180,3/25/2016
181,Ruby,Frazier,rfrazier50@nasa.gov,Female,129.250.40.68,181,2/14/2017
182,Marilyn,Garza,mgarza51@wp.com,Female,147.176.243.83,182,8/5/2016
183,Amanda,Taylor,ataylor52@mozilla.com,Female,248.108.129.173,183,5/2/2016
184,Diane,Graham,dgraham53@liveinternet.ru,Female,31.232.136.215,184,9/18/2016
185,Jeremy,Medina,jmedina54@fotki.com,Male,244.163.137.177,185,3/29/2016
186,Martin,Anderson,manderson55@nba.com,Male,200.217.207.36,186,5/5/2016
187,Virginia,Evans,vevans56@nifty.com,Female,195.155.139.180,187,7/4/2016
188,Emily,Patterson,epatterson57@hibu.com,Female,136.179.242.47,188,1/17/2017
189,Rachel,Fuller,rfuller58@moonfruit.com,Female,155.138.38.131,189,6/1/2016
190,Betty,Watkins,bwatkins59@posterous.com,Female,161.50.81.161,190,7/5/2016
191,Bruce,Price,bprice5a@craigslist.org,Male,211.14.167.47,191,12/8/2016
192,Rose,Stevens,rstevens5b@1688.com,Female,184.228.180.96,192,3/31/2016
193,Jeffrey,Dunn,jdunn5c@wikimedia.org,Male,5.2.189.190,193,2/28/2016
194,Sarah,Scott,sscott5d@deviantart.com,Female,249.129.0.7,194,4/18/2016
195,Brenda,Ellis,bellis5e@posterous.com,Female,30.175.9.152,195,1/18/2017
196,Brandon,Sanchez,bsanchez5f@techcrunch.com,Male,59.104.9.119,196,11/3/2016
197,Cheryl,Reynolds,creynolds5g@imgur.com,Female,5.96.65.13,197,4/21/2016
198,Phillip,Gonzales,pgonzales5h@europa.eu,Male,158.190.113.248,198,7/10/2016
199,Michael,Greene,mgreene5i@discovery.com,Male,156.202.130.88,199,6/6/2016
200,Carol,Carr,ccarr5j@pen.io,Female,155.254.8.26,200,11/5/2016
201,Jessica,Cooper,jcooper5k@wix.com,Female,107.69.8.102,201,11/4/2016
202,Doris,Bishop,dbishop5l@diigo.com,Female,171.8.37.250,202,10/30/2016
203,George,Collins,gcollins5m@woothemes.com,Male,107.38.90.53,203,8/24/2016
204,Clarence,Boyd,cboyd5n@auda.org.au,Male,51.142.231.106,204,6/14/2016
205,Raymond,Gonzales,rgonzales5o@yelp.com,Male,51.199.169.69,205,6/18/2016
206,Steven,Walker,swalker5p@freewebs.com,Male,32.209.108.80,206,10/8/2016
207,Barbara,Hall,bhall5q@moonfruit.com,Female,212.158.128.190,207,11/18/2016
208,Matthew,Hanson,mhanson5r@phoca.cz,Male,127.105.154.7,208,8/4/2016
209,Louis,Armstrong,larmstrong5s@mashable.com,Male,16.45.30.80,209,9/3/2016
210,Joe,Robertson,jrobertson5t@dion.ne.jp,Male,93.59.19.120,210,10/23/2016
211,Samuel,Alvarez,salvarez5u@answers.com,Male,39.37.98.104,211,5/10/2016
212,Earl,Ortiz,eortiz5v@jugem.jp,Male,208.234.102.137,212,3/19/2016
213,Susan,Martinez,smartinez5w@about.me,Female,81.101.53.250,213,5/4/2016
214,Janice,Kelley,jkelley5x@istockphoto.com,Female,178.77.167.66,214,4/5/2016
215,David,Thomas,dthomas5y@addthis.com,Male,241.248.75.130,215,7/12/2016
216,Jean,Lee,jlee5z@microsoft.com,Female,172.117.240.29,216,6/1/2016
217,Jeremy,Williams,jwilliams60@dyndns.org,Male,167.10.159.241,217,4/17/2016
218,Carlos,Collins,ccollins61@imageshack.us,Male,81.247.105.44,218,1/8/2017
219,Janice,Fowler,jfowler62@microsoft.com,Female,155.11.215.161,219,5/12/2016
220,Katherine,Dixon,kdixon63@elegantthemes.com,Female,109.144.247.42,220,10/18/2016
221,Louise,Palmer,lpalmer64@cafepress.com,Female,134.94.15.249,221,4/27/2016
222,Lawrence,Little,llittle65@icq.com,Male,69.148.230.157,222,2/11/2017
223,Virginia,Daniels,vdaniels66@dailymail.co.uk,Female,129.59.131.127,223,8/18/2016
224,Jennifer,Frazier,jfrazier67@weather.com,Female,117.191.204.47,224,8/15/2016
225,Victor,Rice,vrice68@google.nl,Male,210.232.64.245,225,1/21/2017
226,Jessica,Gonzalez,jgonzalez69@google.com.au,Female,102.120.244.180,226,5/22/2016
227,Craig,Moreno,cmoreno6a@dot.gov,Male,155.36.242.57,227,4/18/2016
228,Christopher,Fields,cfields6b@dagondesign.com,Male,3.84.230.86,228,1/12/2017
229,Jonathan,Frazier,jfrazier6c@tripod.com,Male,191.176.58.193,229,11/5/2016
230,Cheryl,Larson,clarson6d@slashdot.org,Female,119.213.126.152,230,2/9/2017
231,Scott,Andrews,sandrews6e@exblog.jp,Male,104.233.222.209,231,9/13/2016
232,Kevin,Henderson,khenderson6f@yelp.com,Male,34.159.126.160,232,6/28/2016
233,Janet,Warren,jwarren6g@unblog.fr,Female,204.210.20.234,233,1/25/2017
234,Nicole,Wallace,nwallace6h@tumblr.com,Female,38.249.51.157,234,9/26/2016
235,Angela,Edwards,aedwards6i@google.nl,Female,74.193.110.222,235,2/17/2017
236,Dorothy,Hayes,dhayes6j@clickbank.net,Female,1.232.13.173,236,1/21/2017
237,Judith,Cook,jcook6k@oaic.gov.au,Female,62.160.127.99,237,1/11/2017
238,Michael,Bowman,mbowman6l@histats.com,Male,215.9.208.188,238,1/10/2017
239,Chris,Price,cprice6m@cbslocal.com,Male,40.31.9.80,239,11/12/2016
240,Sharon,Johnston,sjohnston6n@nationalgeographic.com,Female,112.16.70.173,240,7/11/2016
241,Ashley,Martinez,amartinez6o@etsy.com,Female,244.152.73.111,241,2/1/2017
242,Kathleen,Lynch,klynch6p@lycos.com,Female,159.159.160.251,242,11/9/2016
243,Joyce,Johnston,jjohnston6q@independent.co.uk,Female,154.253.103.240,243,8/6/2016
244,Marie,Kennedy,mkennedy6r@storify.com,Female,210.6.237.166,244,8/3/2016
245,Johnny,Gomez,jgomez6s@imgur.com,Male,27.171.170.70,245,3/12/2016
246,Michael,Lawson,mlawson6t@wp.com,Male,210.232.186.158,246,1/20/2017
247,Joshua,Bryant,jbryant6u@last.fm,Male,123.168.1.45,247,3/11/2016
248,Nancy,Robertson,nrobertson6v@un.org,Female,130.144.150.197,248,8/15/2016
249,Ashley,Harper,aharper6w@desdev.cn,Female,39.186.233.124,249,2/25/2016
250,Joseph,Fox,jfox6x@1und1.de,Male,169.69.132.165,250,10/6/2016
251,Donna,Vasquez,dvasquez6y@tripod.com,Female,168.17.149.174,251,6/6/2016
252,Judy,Crawford,jcrawford6z@weather.com,Female,77.2.178.136,252,5/30/2016
253,Nicholas,Payne,npayne70@exblog.jp,Male,126.214.193.101,253,1/12/2017
254,Janice,Foster,jfoster71@nymag.com,Female,17.179.227.131,254,11/2/2016
255,Ernest,Powell,epowell72@forbes.com,Male,185.41.242.188,255,10/20/2016
256,Sean,Dixon,sdixon73@goodreads.com,Male,43.125.45.183,256,9/27/2016
257,Gloria,Martinez,gmartinez74@scientificamerican.com,Female,99.53.104.219,257,4/11/2016
258,Lois,Alexander,lalexander75@phpbb.com,Female,177.179.51.198,258,10/30/2016
259,Christina,Freeman,cfreeman76@washington.edu,Female,55.236.113.174,259,12/30/2016
260,Stephanie,Cole,scole77@un.org,Female,187.178.191.123,260,8/17/2016
261,Ernest,Garrett,egarrett78@amazonaws.com,Male,79.253.129.199,261,11/15/2016
262,Virginia,Russell,vrussell79@ed.gov,Female,80.237.135.35,262,7/12/2016
263,Jeffrey,Howard,jhoward7a@washingtonpost.com,Male,137.202.5.29,263,3/18/2016
264,Gary,Bennett,gbennett7b@github.io,Male,40.95.36.36,264,3/14/2016
265,Walter,Fowler,wfowler7c@ox.ac.uk,Male,23.186.206.133,265,10/26/2016
266,Frank,Howard,fhoward7d@bloglovin.com,Male,163.142.162.210,266,5/8/2016
267,Harry,Berry,hberry7e@nydailynews.com,Male,223.133.25.7,267,11/8/2016
268,Kenneth,Parker,kparker7f@123-reg.co.uk,Male,210.226.4.250,268,11/9/2016
269,Eric,Wilson,ewilson7g@newyorker.com,Male,68.30.54.173,269,6/19/2016
270,Patrick,Vasquez,pvasquez7h@wikia.com,Male,44.144.145.91,270,8/19/2016
271,Bobby,Fields,bfields7i@ameblo.jp,Male,1.17.5.195,271,7/7/2016
272,Jane,Gordon,jgordon7j@mozilla.org,Female,152.11.44.115,272,8/24/2016
273,Peter,Lopez,plopez7k@netscape.com,Male,184.253.77.227,273,4/12/2016
274,Ronald,Reynolds,rreynolds7l@tiny.cc,Male,205.200.44.182,274,10/6/2016
275,Willie,Holmes,wholmes7m@uol.com.br,Male,178.135.11.12,275,9/6/2016
276,Juan,Simmons,jsimmons7n@mlb.com,Male,212.118.174.78,276,11/5/2016
277,Margaret,Wheeler,mwheeler7o@kickstarter.com,Female,236.255.246.72,277,7/18/2016
278,Nicole,Fuller,nfuller7p@sourceforge.net,Female,126.232.211.21,278,12/11/2016
279,Alice,Warren,awarren7q@ifeng.com,Female,173.131.84.163,279,4/30/2016
280,Frank,Murphy,fmurphy7r@newyorker.com,Male,225.108.113.222,280,9/10/2016
281,Katherine,Murphy,kmurphy7s@edublogs.org,Female,225.96.240.20,281,8/16/2016
282,Todd,Reynolds,treynolds7t@cam.ac.uk,Male,145.138.117.199,282,2/15/2017
283,Walter,Porter,wporter7u@oakley.com,Male,91.40.254.161,283,7/19/2016
284,Jonathan,Olson,jolson7v@yahoo.com,Male,49.149.205.131,284,11/5/2016
285,Scott,Collins,scollins7w@miibeian.gov.cn,Male,25.1.48.254,285,11/3/2016
286,Joe,Baker,jbaker7x@cloudflare.com,Male,121.199.133.39,286,6/23/2016
287,Christopher,Ford,cford7y@feedburner.com,Male,118.218.67.154,287,5/26/2016
288,Jane,Bishop,jbishop7z@wisc.edu,Female,185.51.218.126,288,2/14/2017
289,Janet,Harper,jharper80@ustream.tv,Female,159.9.37.244,289,3/9/2016
290,Evelyn,Jenkins,ejenkins81@hostgator.com,Female,231.94.42.133,290,5/29/2016
291,Donald,Patterson,dpatterson82@comcast.net,Male,82.254.109.225,291,1/9/2017
292,Karen,Kim,kkim83@alibaba.com,Female,166.227.197.212,292,3/5/2016
293,Scott,Gardner,sgardner84@tripod.com,Male,227.222.145.97,293,4/2/2016
294,Stephen,Wallace,swallace85@un.org,Male,183.177.173.153,294,10/22/2016
295,Walter,Cook,wcook86@blogger.com,Male,251.81.87.235,295,9/3/2016
296,Rebecca,Grant,rgrant87@shareasale.com,Female,232.174.175.240,296,3/4/2016
297,Evelyn,Frazier,efrazier88@google.com.br,Female,141.134.115.25,297,12/7/2016
298,Todd,Olson,tolson89@mozilla.org,Male,231.151.150.93,298,10/26/2016
299,Ruby,Kelley,rkelley8a@foxnews.com,Female,241.143.109.110,299,10/11/2016
300,Jonathan,Williamson,jwilliamson8b@springer.com,Male,131.160.12.47,300,2/22/2017
301,Jesse,Diaz,jdiaz8c@usda.gov,Male,36.63.111.140,301,12/28/2016
302,Arthur,Fowler,afowler8d@oaic.gov.au,Male,168.76.66.95,302,10/2/2016
303,Howard,Green,hgreen8e@yale.edu,Male,85.66.185.16,303,4/8/2016
304,Paula,Fisher,pfisher8f@prweb.com,Female,163.12.149.206,304,4/15/2016
305,Janice,Larson,jlarson8g@rambler.ru,Female,241.64.50.88,305,1/4/2017
306,Frances,Ramos,framos8h@addtoany.com,Female,13.191.143.177,306,7/20/2016
307,Theresa,Nichols,tnichols8i@meetup.com,Female,122.35.34.159,307,3/31/2016
308,Virginia,Morrison,vmorrison8j@odnoklassniki.ru,Female,111.49.30.134,308,9/14/2016
309,Teresa,Schmidt,tschmidt8k@hubpages.com,Female,204.195.232.36,309,12/3/2016
310,Jimmy,Washington,jwashington8l@nba.com,Male,35.93.107.243,310,11/6/2016
311,Karen,Richards,krichards8m@indiatimes.com,Female,17.184.67.142,311,7/5/2016
312,William,Little,wlittle8n@bloomberg.com,Male,157.247.132.55,312,12/13/2016
313,Keith,Simpson,ksimpson8o@pagesperso-orange.fr,Male,36.41.116.184,313,2/7/2017
314,Johnny,Wilson,jwilson8p@last.fm,Male,58.76.174.53,314,3/9/2016
315,Rebecca,Medina,rmedina8q@fotki.com,Female,92.235.92.64,315,5/8/2016
316,Chris,Myers,cmyers8r@archive.org,Male,77.236.22.28,316,8/18/2016
317,Kathryn,Wheeler,kwheeler8s@google.com,Female,155.137.80.109,317,4/12/2016
318,Carlos,Carr,ccarr8t@japanpost.jp,Male,110.97.98.90,318,5/22/2016
319,Maria,Tucker,mtucker8u@dedecms.com,Female,112.24.210.22,319,7/2/2016
320,Todd,Fuller,tfuller8v@furl.net,Male,44.239.17.157,320,8/4/2016
321,David,Weaver,dweaver8w@examiner.com,Male,33.182.104.118,321,12/3/2016
322,Anna,Henderson,ahenderson8x@telegraph.co.uk,Female,0.139.229.59,322,10/12/2016
323,Bobby,Ruiz,bruiz8y@networksolutions.com,Male,219.50.19.61,323,6/2/2016
324,Dorothy,Diaz,ddiaz8z@ftc.gov,Female,138.34.255.51,324,12/3/2016
325,Randy,Hayes,rhayes90@hubpages.com,Male,31.161.95.60,325,6/3/2016
326,Betty,Ruiz,bruiz91@blogs.com,Female,0.225.182.203,326,10/29/2016
327,Johnny,Franklin,jfranklin92@i2i.jp,Male,220.48.114.201,327,11/12/2016
328,Janet,Foster,jfoster93@dell.com,Female,148.15.22.125,328,9/1/2016
329,Scott,Campbell,scampbell94@npr.org,Male,130.53.68.123,329,4/25/2016
330,Albert,Jones,ajones95@mapquest.com,Male,79.49.243.57,330,11/5/2016
331,Kimberly,Spencer,kspencer96@prnewswire.com,Female,181.56.53.171,331,4/27/2016
332,Sean,Garza,sgarza97@about.me,Male,209.100.11.12,332,8/20/2016
333,Brenda,Jacobs,bjacobs98@jiathis.com,Female,106.227.254.172,333,4/10/2016
334,Michelle,Meyer,mmeyer99@free.fr,Female,193.224.112.57,334,5/10/2016
335,Larry,Ferguson,lferguson9a@ft.com,Male,233.70.237.37,335,11/15/2016
336,Sharon,Fuller,sfuller9b@yellowbook.com,Female,75.172.34.14,336,10/1/2016
337,Ruth,Cunningham,rcunningham9c@nifty.com,Female,81.200.247.139,337,9/14/2016
338,Martin,George,mgeorge9d@time.com,Male,145.38.253.245,338,3/28/2016
339,Kathryn,Miller,kmiller9e@plala.or.jp,Female,215.247.191.131,339,12/1/2016
340,Jason,Lee,jlee9f@pcworld.com,Male,69.253.12.165,340,11/17/2016
341,Sharon,Flores,sflores9g@oakley.com,Female,206.168.143.229,341,6/4/2016
342,Patrick,Jones,pjones9h@slashdot.org,Male,213.249.225.109,342,1/12/2017
343,Pamela,George,pgeorge9i@usgs.gov,Female,167.209.14.42,343,11/17/2016
344,Tina,Miller,tmiller9j@wunderground.com,Female,6.139.103.64,344,4/22/2016
345,Betty,Peters,bpeters9k@printfriendly.com,Female,137.159.14.214,345,12/28/2016
346,Craig,Sanchez,csanchez9l@mediafire.com,Male,209.75.165.80,346,9/16/2016
347,Janice,Oliver,joliver9m@google.ru,Female,131.74.92.219,347,7/14/2016
348,Daniel,Kelly,dkelly9n@whitehouse.gov,Male,76.10.2.92,348,4/13/2016
349,Kimberly,Reynolds,kreynolds9o@feedburner.com,Female,229.176.208.213,349,1/2/2017
350,Johnny,West,jwest9p@alexa.com,Male,196.74.144.232,350,2/9/2017
351,Harry,Nelson,hnelson9q@angelfire.com,Male,91.212.168.66,351,12/17/2016
352,Andrea,Weaver,aweaver9r@omniture.com,Female,187.93.172.77,352,8/13/2016
353,Marilyn,Stone,mstone9s@nps.gov,Female,27.109.187.68,353,5/24/2016
354,Andrea,Castillo,acastillo9t@taobao.com,Female,27.90.68.26,354,10/14/2016
355,Jeremy,Berry,jberry9u@dedecms.com,Male,51.69.16.225,355,8/6/2016
356,Gloria,Mills,gmills9v@people.com.cn,Female,234.87.195.63,356,5/8/2016
357,William,Clark,wclark9w@goo.gl,Male,40.87.164.106,357,9/28/2016
358,Ronald,Garcia,rgarcia9x@stumbleupon.com,Male,241.179.216.185,358,7/20/2016
359,Evelyn,Duncan,eduncan9y@netscape.com,Female,247.60.84.213,359,1/20/2017
360,Jonathan,Carr,jcarr9z@mozilla.org,Male,189.168.237.136,360,10/6/2016
361,Edward,Murray,emurraya0@reverbnation.com,Male,172.140.113.132,361,5/31/2016
362,Jimmy,Richardson,jrichardsona1@comsenz.com,Male,100.71.151.215,362,7/25/2016
363,Kenneth,Arnold,karnolda2@nsw.gov.au,Male,179.89.197.178,363,2/23/2017
364,Joan,West,jwesta3@ovh.net,Female,58.223.187.62,364,7/3/2016
365,Steve,Mills,smillsa4@wikispaces.com,Male,8.39.2.25,365,6/7/2016
366,Kathy,Jones,kjonesa5@51.la,Female,73.91.93.252,366,11/18/2016
367,Julia,Garza,jgarzaa6@rediff.com,Female,30.2.32.151,367,1/22/2017
368,Gloria,Black,gblacka7@toplist.cz,Female,41.205.67.164,368,4/11/2016
369,Doris,Austin,daustina8@marriott.com,Female,205.199.95.246,369,8/23/2016
370,Jennifer,Carter,jcartera9@ucoz.ru,Female,144.180.29.25,370,6/5/2016
371,Susan,Williams,swilliamsaa@webeden.co.uk,Female,24.37.9.69,371,10/13/2016
372,Christine,Stone,cstoneab@google.co.jp,Female,172.240.103.101,372,2/12/2017
373,Brandon,Thompson,bthompsonac@github.com,Male,154.39.103.77,373,11/13/2016
374,Lori,Thomas,lthomasad@arstechnica.com,Female,202.138.130.233,374,10/8/2016
375,Brian,Johnson,bjohnsonae@hubpages.com,Male,146.249.211.0,375,9/11/2016
376,Martin,Fuller,mfulleraf@oaic.gov.au,Male,113.242.196.188,376,12/31/2016
377,Bonnie,Carroll,bcarrollag@usnews.com,Female,37.248.61.210,377,3/15/2016
378,Alan,Duncan,aduncanah@joomla.org,Male,0.10.168.200,378,8/19/2016
379,Kevin,Morris,kmorrisai@wisc.edu,Male,165.225.37.231,379,2/4/2017
380,Louis,Gardner,lgardneraj@hubpages.com,Male,112.97.124.92,380,8/15/2016
381,Rose,Weaver,rweaverak@fda.gov,Female,134.150.75.166,381,5/18/2016
382,Fred,Wilson,fwilsonal@ox.ac.uk,Male,80.119.160.53,382,7/24/2016
383,Heather,Morales,hmoralesam@soundcloud.com,Female,75.254.130.30,383,3/9/2016
384,David,Knight,dknightan@google.cn,Male,123.193.18.54,384,1/22/2017
385,Thomas,Carter,tcarterao@rakuten.co.jp,Male,70.220.44.215,385,7/23/2016
386,Willie,Daniels,wdanielsap@yellowbook.com,Male,22.17.189.193,386,9/25/2016
387,Ruth,Dunn,rdunnaq@abc.net.au,Female,251.14.173.9,387,6/13/2016
388,Matthew,Collins,mcollinsar@walmart.com,Male,0.158.53.51,388,3/11/2016
389,Jean,Kelly,jkellyas@illinois.edu,Female,4.100.183.98,389,4/28/2016
390,Nicholas,Gilbert,ngilbertat@rediff.com,Male,216.84.241.142,390,12/14/2016
391,Jason,Wright,jwrightau@harvard.edu,Male,115.28.192.83,391,1/7/2017
392,Carolyn,Armstrong,carmstrongav@squarespace.com,Female,28.143.191.232,392,7/8/2016
393,Amanda,Romero,aromeroaw@uol.com.br,Female,54.20.86.6,393,11/21/2016
394,Patricia,Duncan,pduncanax@umich.edu,Female,78.21.48.149,394,1/29/2017
395,Jean,Morrison,jmorrisonay@google.co.jp,Female,208.122.96.216,395,4/23/2016
396,Christine,Jordan,cjordanaz@virginia.edu,Female,12.200.15.170,396,6/13/2016
397,Maria,Taylor,mtaylorb0@cam.ac.uk,Female,121.74.168.78,397,5/8/2016
398,Alan,Welch,awelchb1@blogspot.com,Male,102.192.206.119,398,7/5/2016
399,Scott,Henry,shenryb2@51.la,Male,207.129.48.196,399,11/4/2016
400,Matthew,Williams,mwilliamsb3@infoseek.co.jp,Male,140.218.131.161,400,4/8/2016
401,Clarence,Hamilton,chamiltonb4@blog.com,Male,29.11.156.8,401,8/15/2016
402,Carl,Larson,clarsonb5@linkedin.com,Male,119.11.107.254,402,1/2/2017
403,Bobby,Washington,bwashingtonb6@boston.com,Male,109.201.153.124,403,5/13/2016
404,Terry,Warren,twarrenb7@cam.ac.uk,Male,28.64.47.185,404,3/13/2016
405,Benjamin,Dixon,bdixonb8@wiley.com,Male,54.60.17.97,405,1/27/2017
406,Nancy,Coleman,ncolemanb9@dmoz.org,Female,162.218.60.254,406,11/14/2016
407,Rose,Lynch,rlynchba@vk.com,Female,105.60.175.185,407,3/2/2016
408,Joseph,Garcia,jgarciabb@zimbio.com,Male,98.184.243.209,408,11/17/2016
409,Justin,Mccoy,jmccoybc@wired.com,Male,200.203.239.62,409,9/21/2016
410,Sean,Morales,smoralesbd@shop-pro.jp,Male,161.204.10.223,410,10/11/2016
411,Shawn,Lawson,slawsonbe@google.pl,Male,159.231.221.155,411,10/18/2016
412,Pamela,Dean,pdeanbf@delicious.com,Female,220.162.131.105,412,1/26/2017
413,Melissa,Schmidt,mschmidtbg@ustream.tv,Female,108.136.173.177,413,4/22/2016
414,John,Olson,jolsonbh@deviantart.com,Male,228.230.175.60,414,10/1/2016
415,Kimberly,Kennedy,kkennedybi@ow.ly,Female,163.52.6.81,415,1/9/2017
416,Todd,Hanson,thansonbj@nationalgeographic.com,Male,241.26.200.100,416,6/26/2016
417,Aaron,Edwards,aedwardsbk@ebay.co.uk,Male,46.99.138.95,417,5/17/2016
418,Billy,Johnson,bjohnsonbl@yelp.com,Male,135.94.253.110,418,7/5/2016
419,Brian,Chapman,bchapmanbm@fda.gov,Male,36.23.209.88,419,9/17/2016
420,Christina,West,cwestbn@columbia.edu,Female,220.5.74.132,420,11/21/2016
421,Terry,Lawson,tlawsonbo@yellowbook.com,Male,220.236.38.154,421,1/12/2017
422,Mildred,Andrews,mandrewsbp@infoseek.co.jp,Female,54.213.150.72,422,3/7/2016
423,Michael,Fuller,mfullerbq@harvard.edu,Male,102.63.110.10,423,11/13/2016
424,Donna,Griffin,dgriffinbr@cdbaby.com,Female,154.220.144.63,424,4/19/2016
425,Anthony,Griffin,agriffinbs@discovery.com,Male,106.166.253.120,425,6/14/2016
426,Ryan,Ford,rfordbt@wufoo.com,Male,160.57.198.70,426,12/22/2016
427,Jane,Sanders,jsandersbu@yahoo.com,Female,74.13.193.222,427,12/18/2016
428,Carolyn,Flores,cfloresbv@tuttocitta.it,Female,255.121.51.29,428,12/23/2016
429,Kathryn,Fernandez,kfernandezbw@blogtalkradio.com,Female,122.71.65.160,429,7/1/2016
430,Benjamin,Carter,bcarterbx@msn.com,Male,232.119.176.199,430,5/24/2016
431,Ryan,Young,ryoungby@engadget.com,Male,96.48.4.244,431,2/29/2016
432,Joe,Mcdonald,jmcdonaldbz@psu.edu,Male,67.64.216.122,432,1/11/2017
433,Brenda,Cruz,bcruzc0@desdev.cn,Female,181.241.190.121,433,1/6/2017
434,Beverly,Bradley,bbradleyc1@qq.com,Female,165.104.101.240,434,12/10/2016
435,Sarah,Hughes,shughesc2@github.com,Female,126.177.238.239,435,11/15/2016
436,Sean,Garza,sgarzac3@cyberchimps.com,Male,131.207.165.92,436,2/28/2016
437,Thomas,Harvey,tharveyc4@imageshack.us,Male,131.141.48.17,437,8/10/2016
438,Samuel,Castillo,scastilloc5@accuweather.com,Male,246.160.116.198,438,8/19/2016
439,Louis,Montgomery,lmontgomeryc6@lycos.com,Male,212.238.228.134,439,8/21/2016
440,William,Frazier,wfrazierc7@cam.ac.uk,Male,20.193.160.120,440,5/14/2016
441,Nancy,Gilbert,ngilbertc8@infoseek.co.jp,Female,63.246.58.142,441,8/31/2016
442,Janice,Reynolds,jreynoldsc9@1688.com,Female,232.73.21.199,442,10/5/2016
443,Janet,Weaver,jweaverca@ifeng.com,Female,93.8.225.192,443,12/23/2016
444,Daniel,Fisher,dfishercb@dyndns.org,Male,182.219.243.80,444,12/15/2016
445,Roger,Walker,rwalkercc@webnode.com,Male,29.251.146.56,445,4/3/2016
446,Debra,Phillips,dphillipscd@webeden.co.uk,Female,251.181.90.218,446,4/18/2016
447,John,Garcia,jgarciace@oracle.com,Male,144.126.10.4,447,2/23/2017
448,Stephanie,Rivera,sriveracf@dailymail.co.uk,Female,46.138.157.250,448,4/8/2016
449,Charles,Burton,cburtoncg@yandex.ru,Male,128.131.89.204,449,12/5/2016
450,Helen,Reid,hreidch@delicious.com,Female,130.62.173.254,450,9/22/2016
451,Richard,Hunt,rhuntci@joomla.org,Male,176.69.109.22,451,10/17/2016
452,Jose,Lawson,jlawsoncj@aol.com,Male,121.41.199.88,452,5/19/2016
453,Emily,Wallace,ewallaceck@guardian.co.uk,Female,227.145.151.143,453,11/1/2016
454,Roy,Cole,rcolecl@theatlantic.com,Male,116.182.153.73,454,10/15/2016
455,Dorothy,Hayes,dhayescm@chron.com,Female,153.247.148.189,455,1/5/2017
456,Keith,Jenkins,kjenkinscn@nhs.uk,Male,185.140.124.18,456,11/20/2016
457,Scott,Larson,slarsonco@patch.com,Male,226.48.94.187,457,7/14/2016
458,Juan,Carr,jcarrcp@dailymail.co.uk,Male,175.120.109.203,458,10/6/2016
459,Barbara,Spencer,bspencercq@ted.com,Female,228.72.21.80,459,12/20/2016
460,Judy,Butler,jbutlercr@archive.org,Female,233.39.224.69,460,3/14/2016
461,Shawn,Reyes,sreyescs@cdc.gov,Male,67.178.132.120,461,9/28/2016
462,Raymond,Nguyen,rnguyenct@noaa.gov,Male,246.46.48.165,462,3/10/2016
463,Johnny,Mitchell,jmitchellcu@shareasale.com,Male,237.64.141.221,463,4/5/2016
464,Christine,Burton,cburtoncv@macromedia.com,Female,6.167.182.202,464,1/10/2017
465,Nicole,James,njamescw@dell.com,Female,177.152.33.54,465,10/3/2016
466,Robin,Mills,rmillscx@nsw.gov.au,Female,41.186.179.179,466,12/2/2016
467,Christina,Sims,csimscy@hhs.gov,Female,166.194.178.160,467,7/24/2016
468,Douglas,Snyder,dsnydercz@nationalgeographic.com,Male,249.114.173.198,468,7/1/2016
469,Maria,Boyd,mboydd0@goo.gl,Female,72.24.53.247,469,6/13/2016
470,Bruce,Moreno,bmorenod1@scribd.com,Male,254.172.240.46,470,8/29/2016
471,Victor,Jenkins,vjenkinsd2@state.tx.us,Male,57.0.122.196,471,2/23/2017
472,James,Watkins,jwatkinsd3@tuttocitta.it,Male,53.202.48.86,472,7/17/2016
473,Jessica,Wilson,jwilsond4@washingtonpost.com,Female,29.2.49.145,473,11/9/2016
474,Kathleen,Hunt,khuntd5@bbc.co.uk,Female,94.58.249.99,474,8/19/2016
475,Amy,Ruiz,aruizd6@deviantart.com,Female,149.18.65.57,475,1/2/2017
476,Linda,Brown,lbrownd7@springer.com,Female,57.195.176.94,476,11/24/2016
477,Anne,Murray,amurrayd8@taobao.com,Female,60.141.209.202,477,4/7/2016
478,Lawrence,Harrison,lharrisond9@tinyurl.com,Male,215.164.162.131,478,3/11/2016
479,Jacqueline,Harper,jharperda@free.fr,Female,172.128.242.47,479,11/16/2016
480,Michelle,Fernandez,mfernandezdb@msn.com,Female,217.73.170.103,480,1/7/2017
481,Eugene,Vasquez,evasquezdc@gizmodo.com,Male,228.40.58.134,481,3/21/2016
482,Brenda,Mendoza,bmendozadd@globo.com,Female,240.218.135.206,482,12/26/2016
483,Denise,Long,dlongde@addtoany.com,Female,139.243.108.23,483,7/21/2016
484,Jesse,Frazier,jfrazierdf@hostgator.com,Male,47.187.29.17,484,9/2/2016
485,Sandra,James,sjamesdg@godaddy.com,Female,247.62.6.122,485,1/7/2017
486,Keith,Davis,kdavisdh@flavors.me,Male,213.58.229.175,486,9/9/2016
487,Julie,Rodriguez,jrodriguezdi@tripadvisor.com,Female,40.42.173.115,487,1/6/2017
488,Lois,Simmons,lsimmonsdj@va.gov,Female,14.61.133.202,488,8/24/2016
489,Kenneth,Carpenter,kcarpenterdk@delicious.com,Male,108.145.189.17,489,7/19/2016
490,Karen,Elliott,kelliottdl@go.com,Female,160.168.172.92,490,4/26/2016
491,Ryan,Hunter,rhunterdm@netscape.com,Male,210.71.82.126,491,2/3/2017
492,Tina,Kim,tkimdn@biglobe.ne.jp,Female,109.206.248.64,492,12/24/2016
493,Dorothy,Tucker,dtuckerdo@buzzfeed.com,Female,89.138.2.115,493,11/22/2016
494,Philip,Shaw,pshawdp@cafepress.com,Male,101.229.237.52,494,9/3/2016
495,Bonnie,Hanson,bhansondq@umich.edu,Female,164.28.167.162,495,3/23/2016
496,Barbara,Ramos,bramosdr@si.edu,Female,229.54.117.150,496,6/3/2016
497,Martha,Wheeler,mwheelerds@huffingtonpost.com,Female,252.59.72.10,497,8/13/2016
498,Sean,Ortiz,sortizdt@npr.org,Male,254.109.20.245,498,3/23/2016
499,Frances,Rogers,frogersdu@scribd.com,Female,1.61.174.50,499,7/15/2016
500,Christina,Alexander,calexanderdv@sakura.ne.jp,Female,242.164.136.169,500,7/16/2016
501,Robert,Freeman,rfreemandw@webmd.com,Male,42.14.102.37,501,3/29/2016
502,Terry,Washington,twashingtondx@nyu.edu,Male,137.199.19.236,502,6/22/2016
503,Carolyn,Frazier,cfrazierdy@ow.ly,Female,124.197.176.132,503,8/17/2016
504,Janice,Garza,jgarzadz@wunderground.com,Female,127.217.114.76,504,1/30/2017
505,Carolyn,Bishop,cbishope0@skype.com,Female,237.209.158.101,505,2/8/2017
506,Theresa,Ford,tforde1@cam.ac.uk,Female,75.252.5.25,506,9/18/2016
507,Heather,Alexander,halexandere2@devhub.com,Female,8.133.217.239,507,11/19/2016
508,Brian,Day,bdaye3@netlog.com,Male,245.6.7.30,508,6/14/2016
509,Sean,White,swhitee4@alexa.com,Male,22.81.208.180,509,8/12/2016
510,Katherine,Watkins,kwatkinse5@unesco.org,Female,76.240.102.242,510,5/12/2016
511,Ralph,Duncan,rduncane6@nymag.com,Male,207.221.174.42,511,8/22/2016
512,Anna,Hunt,ahunte7@angelfire.com,Female,244.176.224.48,512,6/27/2016
513,Jeffrey,Powell,jpowelle8@vimeo.com,Male,166.28.79.202,513,2/28/2016
514,Joan,Fields,jfieldse9@google.co.uk,Female,141.59.170.105,514,10/11/2016
515,Lori,Mcdonald,lmcdonaldea@t-online.de,Female,98.45.243.202,515,11/11/2016
516,Christina,Harrison,charrisoneb@etsy.com,Female,253.194.46.45,516,11/7/2016
517,Teresa,Harper,tharperec@wsj.com,Female,237.79.158.145,517,6/20/2016
518,Daniel,Reid,dreided@hhs.gov,Male,196.13.147.85,518,9/4/2016
519,Marilyn,Mccoy,mmccoyee@istockphoto.com,Female,221.26.65.175,519,12/19/2016
520,Jerry,Franklin,jfranklinef@webs.com,Male,75.133.132.36,520,12/3/2016
521,Jack,Mendoza,jmendozaeg@slideshare.net,Male,44.94.248.168,521,8/5/2016
522,Marie,Ross,mrosseh@icq.com,Female,135.108.21.213,522,2/11/2017
523,Beverly,Nichols,bnicholsei@phoca.cz,Female,36.246.204.20,523,2/10/2017
524,Todd,Pierce,tpierceej@geocities.jp,Male,11.27.71.94,524,6/4/2016
525,Jessica,Cruz,jcruzek@forbes.com,Female,171.66.53.253,525,2/5/2017
526,Richard,Collins,rcollinsel@examiner.com,Male,194.201.146.128,526,9/16/2016
527,Randy,Mccoy,rmccoyem@patch.com,Male,178.235.166.100,527,6/2/2016
528,Wayne,Jordan,wjordanen@hubpages.com,Male,30.236.47.159,528,10/1/2016
529,Steven,Jones,sjoneseo@usa.gov,Male,26.30.103.222,529,6/12/2016
530,Carolyn,Coleman,ccolemanep@bing.com,Female,254.137.238.217,530,2/1/2017
531,Laura,Perkins,lperkinseq@economist.com,Female,222.237.103.132,531,2/25/2016
532,Lisa,Wilson,lwilsoner@usnews.com,Female,84.246.94.39,532,7/27/2016
533,Philip,Brown,pbrownes@google.es,Male,69.108.206.130,533,10/13/2016
534,Charles,Wagner,cwagneret@pinterest.com,Male,44.186.150.47,534,1/25/2017
535,Norma,Bryant,nbryanteu@biblegateway.com,Female,69.26.152.129,535,6/13/2016
536,Evelyn,Gibson,egibsonev@fda.gov,Female,122.233.56.61,536,12/15/2016
537,Michael,Wright,mwrightew@washingtonpost.com,Male,223.20.202.78,537,1/20/2017
538,Amanda,Mills,amillsex@geocities.jp,Female,218.140.60.63,538,11/26/2016
539,Thomas,Harris,tharrisey@tmall.com,Male,255.156.5.54,539,2/29/2016
540,Betty,Dunn,bdunnez@over-blog.com,Female,17.64.236.33,540,2/17/2017
541,Joyce,Perez,jperezf0@netscape.com,Female,221.214.237.59,541,12/7/2016
542,Aaron,Welch,awelchf1@earthlink.net,Male,116.158.168.77,542,10/24/2016
543,Sandra,Cole,scolef2@mozilla.com,Female,100.4.176.79,543,3/3/2016
544,Benjamin,Fields,bfieldsf3@va.gov,Male,109.115.221.67,544,8/17/2016
545,Bruce,Peters,bpetersf4@yahoo.com,Male,54.168.209.10,545,9/30/2016
546,Harry,Patterson,hpattersonf5@theglobeandmail.com,Male,15.133.122.186,546,3/12/2016
547,Joan,George,jgeorgef6@army.mil,Female,65.25.82.254,547,3/15/2016
548,Ronald,Morgan,rmorganf7@moonfruit.com,Male,122.190.253.190,548,4/5/2016
549,Joseph,Castillo,jcastillof8@webeden.co.uk,Male,233.9.228.161,549,4/2/2016
550,Paula,Griffin,pgriffinf9@whitehouse.gov,Female,79.121.3.115,550,9/2/2016
551,Earl,James,ejamesfa@cpanel.net,Male,138.159.196.59,551,6/16/2016
552,Bobby,Reynolds,breynoldsfb@webmd.com,Male,31.250.123.221,552,5/27/2016
553,Wayne,Burke,wburkefc@washingtonpost.com,Male,120.101.224.82,553,5/25/2016
554,Raymond,Mendoza,rmendozafd@zimbio.com,Male,236.241.185.238,554,12/3/2016
555,Diana,Kelley,dkelleyfe@trellian.com,Female,70.129.52.247,555,10/12/2016
556,Lisa,Rice,lriceff@dedecms.com,Female,6.77.98.86,556,2/2/2017
557,Alice,Washington,awashingtonfg@whitehouse.gov,Female,157.254.102.213,557,3/25/2016
558,Roger,Burke,rburkefh@google.com,Male,199.149.164.169,558,9/15/2016
559,Donna,Gardner,dgardnerfi@t.co,Female,90.112.76.248,559,4/25/2016
560,Clarence,Reyes,creyesfj@networksolutions.com,Male,232.251.0.224,560,10/22/2016
561,Cheryl,Ramirez,cramirezfk@yahoo.com,Female,56.45.160.203,561,1/20/2017
562,Victor,Myers,vmyersfl@skype.com,Male,29.32.210.179,562,11/17/2016
563,Ronald,Kim,rkimfm@google.fr,Male,117.219.211.9,563,10/23/2016
564,George,Murray,gmurrayfn@cocolog-nifty.com,Male,204.170.218.44,564,3/2/2016
565,Scott,Romero,sromerofo@independent.co.uk,Male,164.228.168.217,565,3/29/2016
566,Steven,Baker,sbakerfp@issuu.com,Male,239.70.205.181,566,1/9/2017
567,Jane,Moore,jmoorefq@163.com,Female,116.7.205.86,567,10/2/2016
568,Ann,Richards,arichardsfr@mapquest.com,Female,95.250.71.235,568,10/11/2016
569,Pamela,Ramirez,pramirezfs@stanford.edu,Female,25.66.36.109,569,2/20/2017
570,Jerry,Stanley,jstanleyft@google.cn,Male,95.8.40.151,570,9/18/2016
571,Bonnie,Garcia,bgarciafu@is.gd,Female,71.20.178.242,571,9/11/2016
572,Jean,Moreno,jmorenofv@merriam-webster.com,Female,122.85.238.13,572,8/13/2016
573,Ernest,Snyder,esnyderfw@weebly.com,Male,87.215.223.108,573,1/22/2017
574,Christopher,Palmer,cpalmerfx@nytimes.com,Male,186.217.253.76,574,10/8/2016
575,Amanda,Bishop,abishopfy@imageshack.us,Female,125.190.208.240,575,4/10/2016
576,Virginia,Walker,vwalkerfz@usnews.com,Female,4.106.88.52,576,4/5/2016
577,Lillian,Cooper,lcooperg0@bravesites.com,Female,27.57.19.128,577,1/26/2017
578,Jessica,Mills,jmillsg1@webnode.com,Female,57.59.169.70,578,7/6/2016
579,Bruce,Reynolds,breynoldsg2@patch.com,Male,35.235.109.21,579,8/6/2016
580,Timothy,Elliott,telliottg3@google.com.br,Male,165.62.161.135,580,6/6/2016
581,Martha,Elliott,melliottg4@devhub.com,Female,15.58.233.13,581,1/31/2017
582,Frank,Ramirez,framirezg5@globo.com,Male,126.90.132.143,582,8/23/2016
583,Jonathan,Black,jblackg6@msn.com,Male,226.210.15.238,583,12/22/2016
584,Julie,Palmer,jpalmerg7@cornell.edu,Female,173.71.63.224,584,3/24/2016
585,Denise,Turner,dturnerg8@loc.gov,Female,7.125.82.29,585,6/26/2016
586,Margaret,Perkins,mperkinsg9@miitbeian.gov.cn,Female,223.218.128.159,586,6/25/2016
587,Martha,Alvarez,malvarezga@disqus.com,Female,164.216.29.219,587,6/13/2016
588,Amanda,Weaver,aweavergb@oaic.gov.au,Female,68.92.164.12,588,1/21/2017
589,Patricia,Larson,plarsongc@wsj.com,Female,209.132.121.204,589,12/29/2016
590,Joan,Morrison,jmorrisongd@seattletimes.com,Female,231.23.239.76,590,7/14/2016
591,Douglas,Alvarez,dalvarezge@umn.edu,Male,136.219.157.58,591,3/31/2016
592,Melissa,Harper,mharpergf@ask.com,Female,6.185.46.149,592,4/24/2016
593,Sean,Cole,scolegg@prweb.com,Male,134.8.78.192,593,5/31/2016
594,Norma,Bowman,nbowmangh@naver.com,Female,38.75.225.122,594,8/2/2016
595,Patricia,Perkins,pperkinsgi@fastcompany.com,Female,69.229.245.121,595,4/30/2016
596,Walter,Foster,wfostergj@irs.gov,Male,110.127.219.195,596,10/8/2016
597,Joseph,Washington,jwashingtongk@rediff.com,Male,54.88.111.97,597,8/5/2016
598,Janet,Perry,jperrygl@quantcast.com,Female,252.205.142.11,598,7/14/2016
599,Rose,Diaz,rdiazgm@acquirethisname.com,Female,186.216.160.127,599,6/11/2016
600,Antonio,Dean,adeangn@dot.gov,Male,46.60.244.139,600,2/13/2017
601,Wayne,Wilson,wwilsongo@businessinsider.com,Male,81.108.190.103,601,4/4/2016
602,Donald,Hill,dhillgp@mysql.com,Male,54.86.232.90,602,1/7/2017
603,Gerald,Gonzales,ggonzalesgq@goodreads.com,Male,47.134.226.27,603,10/8/2016
604,Daniel,Perez,dperezgr@google.ru,Male,79.248.138.12,604,9/7/2016
605,Doris,Jacobs,djacobsgs@about.com,Female,83.162.166.125,605,3/29/2016
606,Juan,Mendoza,jmendozagt@reuters.com,Male,102.243.36.109,606,4/24/2016
607,Michael,Lopez,mlopezgu@noaa.gov,Male,238.209.61.163,607,8/30/2016
608,Angela,Burns,aburnsgv@cdc.gov,Female,82.225.235.32,608,8/23/2016
609,Arthur,Bishop,abishopgw@newyorker.com,Male,38.133.75.43,609,4/23/2016
610,Michelle,Perry,mperrygx@google.co.uk,Female,168.195.157.240,610,9/14/2016
611,Jeremy,Gonzales,jgonzalesgy@cnet.com,Male,184.225.77.72,611,7/9/2016
612,Patricia,Wallace,pwallacegz@google.ca,Female,14.174.61.66,612,5/29/2016
613,Sarah,Romero,sromeroh0@blog.com,Female,70.121.229.205,613,1/25/2017
614,Louise,Watkins,lwatkinsh1@walmart.com,Female,253.8.90.239,614,2/14/2017
615,Jose,Castillo,jcastilloh2@prnewswire.com,Male,27.254.245.167,615,10/5/2016
616,Sean,Banks,sbanksh3@jiathis.com,Male,13.118.41.127,616,3/8/2016
617,Albert,Thomas,athomash4@e-recht24.de,Male,24.53.8.255,617,1/6/2017
618,Robin,Bowman,rbowmanh5@de.vu,Female,101.199.219.36,618,10/11/2016
619,Nicholas,Medina,nmedinah6@cbc.ca,Male,64.151.231.101,619,12/13/2016
620,Alan,Palmer,apalmerh7@ted.com,Male,125.42.234.173,620,3/29/2016
621,Lois,Adams,ladamsh8@auda.org.au,Female,34.21.149.137,621,10/4/2016
622,Earl,Scott,escotth9@timesonline.co.uk,Male,167.176.22.30,622,4/2/2016
623,Mary,Evans,mevansha@privacy.gov.au,Female,196.10.44.39,623,1/30/2017
624,Clarence,Bryant,cbryanthb@patch.com,Male,15.129.201.63,624,7/1/2016
625,Doris,Clark,dclarkhc@diigo.com,Female,18.11.107.146,625,12/23/2016
626,Steven,Carter,scarterhd@state.gov,Male,26.8.69.9,626,9/30/2016
627,Russell,Jacobs,rjacobshe@ft.com,Male,49.231.235.43,627,3/4/2016
628,Brenda,Hernandez,bhernandezhf@theglobeandmail.com,Female,194.214.186.30,628,7/18/2016
629,Ernest,Knight,eknighthg@google.de,Male,108.172.193.144,629,10/28/2016
630,Gary,Wagner,gwagnerhh@wikimedia.org,Male,120.30.254.114,630,7/18/2016
631,Teresa,Franklin,tfranklinhi@creativecommons.org,Female,162.113.152.7,631,12/19/2016
632,Virginia,Mitchell,vmitchellhj@blogtalkradio.com,Female,45.69.139.15,632,3/21/2016
633,Stephen,Harris,sharrishk@statcounter.com,Male,127.100.51.162,633,7/29/2016
634,Dennis,Fernandez,dfernandezhl@ted.com,Male,81.195.145.6,634,3/9/2016
635,Arthur,Watkins,awatkinshm@myspace.com,Male,226.53.5.42,635,7/8/2016
636,Frank,Stephens,fstephenshn@hexun.com,Male,71.131.152.102,636,4/11/2016
637,Judy,Cole,jcoleho@google.es,Female,219.29.245.36,637,9/26/2016
638,Carlos,Perry,cperryhp@cnbc.com,Male,221.172.191.54,638,4/23/2016
639,Howard,Griffin,hgriffinhq@microsoft.com,Male,44.155.132.174,639,8/26/2016
640,Ruth,Lee,rleehr@webmd.com,Female,11.119.211.151,640,8/5/2016
641,Aaron,Harris,aharrishs@senate.gov,Male,182.193.77.160,641,5/18/2016
642,Donald,Jackson,djacksonht@cam.ac.uk,Male,237.217.87.147,642,10/18/2016
643,Roger,Howell,rhowellhu@usgs.gov,Male,139.3.255.65,643,3/17/2016
644,Maria,Lane,mlanehv@pbs.org,Female,173.18.253.201,644,6/29/2016
645,Frank,Garcia,fgarciahw@dedecms.com,Male,23.167.173.177,645,10/15/2016
646,Helen,Boyd,hboydhx@ft.com,Female,128.179.130.245,646,3/15/2016
647,Steve,Cooper,scooperhy@mit.edu,Male,2.40.127.206,647,2/8/2017
648,Kathleen,Cruz,kcruzhz@home.pl,Female,158.3.94.157,648,12/6/2016
649,Ann,Hernandez,ahernandezi0@gizmodo.com,Female,100.89.97.79,649,8/2/2016
650,Paul,Garcia,pgarciai1@mtv.com,Male,198.164.49.34,650,5/17/2016
651,Susan,Hicks,shicksi2@nytimes.com,Female,61.133.116.44,651,7/22/2016
652,Russell,Phillips,rphillipsi3@apple.com,Male,180.147.191.150,652,3/25/2016
653,Cynthia,Gardner,cgardneri4@cocolog-nifty.com,Female,137.41.194.35,653,3/11/2016
654,Katherine,Greene,kgreenei5@paginegialle.it,Female,67.230.202.244,654,8/13/2016
655,Wanda,Webb,wwebbi6@archive.org,Female,125.82.202.56,655,10/22/2016
656,Howard,Chapman,hchapmani7@timesonline.co.uk,Male,149.19.57.188,656,6/18/2016
657,Jeffrey,Burton,jburtoni8@skyrock.com,Male,54.238.232.211,657,2/23/2017
658,Martha,Hamilton,mhamiltoni9@prlog.org,Female,115.118.232.246,658,10/13/2016
659,Adam,Olson,aolsonia@4shared.com,Male,180.32.79.189,659,12/25/2016
660,Adam,Phillips,aphillipsib@timesonline.co.uk,Male,222.42.179.122,660,7/6/2016
661,Tammy,Flores,tfloresic@gmpg.org,Female,108.204.86.91,661,1/11/2017
662,Gregory,Lawrence,glawrenceid@barnesandnoble.com,Male,117.241.15.48,662,3/1/2016
663,Dennis,Jacobs,djacobsie@blogtalkradio.com,Male,76.133.204.131,663,12/28/2016
664,Jack,Bowman,jbowmanif@dion.ne.jp,Male,10.83.63.68,664,6/10/2016
665,Nicole,Hunt,nhuntig@miitbeian.gov.cn,Female,227.117.65.210,665,10/16/2016
666,Lisa,Diaz,ldiazih@unicef.org,Female,166.232.154.129,666,5/22/2016
667,Patrick,Pierce,ppierceii@theatlantic.com,Male,129.193.76.69,667,1/8/2017
668,Sharon,Sims,ssimsij@google.com,Female,63.109.64.119,668,6/26/2016
669,Ruth,Fuller,rfullerik@google.fr,Female,139.12.231.170,669,4/26/2016
670,Walter,Sanchez,wsanchezil@samsung.com,Male,244.229.100.3,670,12/7/2016
671,Earl,Ramirez,eramirezim@zdnet.com,Male,222.64.235.59,671,12/18/2016
672,Jennifer,Brown,jbrownin@netvibes.com,Female,87.108.161.251,672,6/2/2016
673,Ruth,Dunn,rdunnio@github.com,Female,227.81.190.223,673,11/24/2016
674,Joan,Brown,jbrownip@feedburner.com,Female,177.117.176.234,674,2/25/2016
675,Larry,Davis,ldavisiq@slate.com,Male,52.87.203.27,675,4/17/2016
676,Wayne,Chapman,wchapmanir@reverbnation.com,Male,44.140.218.118,676,10/19/2016
677,Steve,Boyd,sboydis@hexun.com,Male,217.109.80.197,677,8/18/2016
678,Roger,Watson,rwatsonit@webeden.co.uk,Male,75.208.75.201,678,10/3/2016
679,Catherine,Kennedy,ckennedyiu@yahoo.co.jp,Female,250.159.171.71,679,12/24/2016
680,Irene,Gutierrez,igutierreziv@alibaba.com,Female,195.42.181.218,680,11/5/2016
681,Harold,Hunt,hhuntiw@cbslocal.com,Male,167.248.240.102,681,1/3/2017
682,Alice,Howard,ahowardix@discuz.net,Female,172.255.238.124,682,10/15/2016
683,Jose,Bradley,jbradleyiy@cdbaby.com,Male,33.92.238.125,683,12/28/2016
684,Amanda,Robertson,arobertsoniz@dailymail.co.uk,Female,31.160.79.29,684,8/8/2016
685,John,Brown,jbrownj0@so-net.ne.jp,Male,108.169.12.133,685,10/20/2016
686,Tammy,Phillips,tphillipsj1@buzzfeed.com,Female,53.73.201.194,686,8/30/2016
687,Shawn,Young,syoungj2@cyberchimps.com,Male,71.107.196.166,687,8/25/2016
688,Mary,Montgomery,mmontgomeryj3@bloomberg.com,Female,44.133.141.233,688,4/15/2016
689,Ruby,Black,rblackj4@vistaprint.com,Female,29.207.81.14,689,8/31/2016
690,Lois,Fuller,lfullerj5@addthis.com,Female,62.132.40.102,690,9/27/2016
691,Thomas,Hudson,thudsonj6@vistaprint.com,Male,8.42.94.150,691,2/19/2017
692,Phyllis,Dixon,pdixonj7@naver.com,Female,187.132.224.211,692,12/12/2016
693,Janet,Jackson,jjacksonj8@state.gov,Female,7.8.128.14,693,1/9/2017
694,Amanda,Jackson,ajacksonj9@tiny.cc,Female,169.20.193.172,694,2/22/2017
695,Antonio,Hart,ahartja@whitehouse.gov,Male,86.188.218.40,695,9/4/2016
696,Rebecca,Knight,rknightjb@cbsnews.com,Female,9.189.211.14,696,4/20/2016
697,Robin,Welch,rwelchjc@marriott.com,Female,220.92.7.229,697,8/1/2016
698,Marie,Cruz,mcruzjd@ca.gov,Female,108.94.210.135,698,11/5/2016
699,Michelle,Ward,mwardje@youku.com,Female,173.89.139.110,699,4/24/2016
700,Daniel,Hughes,dhughesjf@ox.ac.uk,Male,133.172.241.157,700,8/5/2016
701,Raymond,Hunt,rhuntjg@wisc.edu,Male,34.116.215.112,701,9/20/2016
702,Frances,Russell,frusselljh@cisco.com,Female,79.83.171.137,702,5/16/2016
703,Adam,Torres,atorresji@statcounter.com,Male,192.73.106.11,703,3/19/2016
704,Keith,Schmidt,kschmidtjj@acquirethisname.com,Male,203.161.237.117,704,9/14/2016
705,Ronald,Flores,rfloresjk@nymag.com,Male,156.225.90.74,705,11/5/2016
706,Russell,Washington,rwashingtonjl@dyndns.org,Male,255.181.59.28,706,8/19/2016
707,Dorothy,Cox,dcoxjm@prweb.com,Female,52.253.95.156,707,10/7/2016
708,Pamela,Ross,prossjn@mozilla.com,Female,37.43.219.117,708,10/19/2016
709,Jeffrey,Murphy,jmurphyjo@nasa.gov,Male,191.76.69.56,709,6/30/2016
710,Arthur,Robertson,arobertsonjp@imageshack.us,Male,155.79.35.93,710,6/13/2016
711,Angela,Torres,atorresjq@sciencedaily.com,Female,89.17.67.41,711,9/5/2016
712,Dennis,Peterson,dpetersonjr@ox.ac.uk,Male,67.76.143.250,712,10/24/2016
713,Mark,Burns,mburnsjs@independent.co.uk,Male,132.12.33.203,713,7/10/2016
714,Stephen,Howard,showardjt@tmall.com,Male,191.203.88.139,714,7/15/2016
715,Deborah,Moore,dmooreju@webmd.com,Female,42.195.41.94,715,3/18/2016
716,Harry,Roberts,hrobertsjv@hao123.com,Male,175.69.123.209,716,10/19/2016
717,John,Reid,jreidjw@foxnews.com,Male,161.171.209.247,717,9/16/2016
718,Kevin,Wilson,kwilsonjx@forbes.com,Male,18.101.193.109,718,2/4/2017
719,Frances,Russell,frusselljy@yellowpages.com,Female,63.42.218.197,719,2/11/2017
720,George,Washington,gwashingtonjz@cam.ac.uk,Male,63.14.36.79,720,10/4/2016
721,Gary,Gibson,ggibsonk0@sourceforge.net,Male,138.198.8.141,721,10/31/2016
722,Andrew,Jacobs,ajacobsk1@reference.com,Male,8.134.117.50,722,12/18/2016
723,Carlos,Day,cdayk2@yellowbook.com,Male,0.51.7.29,723,4/3/2016
724,Andrea,Hicks,ahicksk3@wikipedia.org,Female,15.91.198.89,724,3/15/2016
725,Wanda,Long,wlongk4@netvibes.com,Female,250.101.79.134,725,9/2/2016
726,Christina,Green,cgreenk5@usnews.com,Female,50.81.200.244,726,5/5/2016
727,Andrea,Smith,asmithk6@ifeng.com,Female,241.5.39.1,727,2/22/2017
728,Elizabeth,Rice,ericek7@mashable.com,Female,192.155.68.211,728,10/13/2016
729,Randy,Chavez,rchavezk8@nps.gov,Male,239.9.125.95,729,2/27/2016
730,Matthew,Andrews,mandrewsk9@nih.gov,Male,97.101.143.183,730,10/27/2016
731,Kelly,Griffin,kgriffinka@freewebs.com,Female,14.122.252.91,731,8/6/2016
732,Daniel,Mason,dmasonkb@walmart.com,Male,50.191.148.86,732,10/13/2016
733,Justin,Allen,jallenkc@wikimedia.org,Male,44.137.238.119,733,4/17/2016
734,Joseph,Howell,jhowellkd@virginia.edu,Male,51.93.182.47,734,7/22/2016
735,Susan,Grant,sgrantke@usnews.com,Female,63.201.121.186,735,7/18/2016
736,Denise,Campbell,dcampbellkf@yale.edu,Female,111.178.57.185,736,7/30/2016
737,Carol,Alexander,calexanderkg@icq.com,Female,60.216.6.5,737,1/12/2017
738,Mary,Knight,mknightkh@economist.com,Female,54.18.99.241,738,10/24/2016
739,Michael,Morgan,mmorganki@usa.gov,Male,112.254.95.50,739,8/19/2016
740,Douglas,Cunningham,dcunninghamkj@patch.com,Male,232.246.81.173,740,11/27/2016
741,Joseph,Mcdonald,jmcdonaldkk@eventbrite.com,Male,203.211.124.103,741,2/1/2017
742,Samuel,Bryant,sbryantkl@sakura.ne.jp,Male,142.247.214.244,742,10/21/2016
743,Theresa,Gonzalez,tgonzalezkm@hugedomains.com,Female,134.31.102.65,743,11/17/2016
744,Jeffrey,Nelson,jnelsonkn@omniture.com,Male,12.8.223.225,744,1/13/2017
745,Jeremy,Ryan,jryanko@cocolog-nifty.com,Male,97.161.98.150,745,6/16/2016
746,Sarah,Howell,showellkp@feedburner.com,Female,210.164.133.249,746,6/4/2016
747,Jennifer,Gordon,jgordonkq@t-online.de,Female,211.151.92.42,747,7/20/2016
748,Judith,Phillips,jphillipskr@edublogs.org,Female,191.122.160.39,748,11/23/2016
749,Ruth,Davis,rdavisks@gnu.org,Female,128.37.69.52,749,5/1/2016
750,Gregory,Owens,gowenskt@ft.com,Male,86.124.200.113,750,6/23/2016
751,Brenda,Burke,bburkeku@imdb.com,Female,99.68.77.9,751,5/30/2016
752,Andrea,Chapman,achapmankv@github.com,Female,53.223.222.221,752,10/18/2016
753,Billy,Woods,bwoodskw@smh.com.au,Male,255.222.183.24,753,12/4/2016
754,Victor,Patterson,vpattersonkx@exblog.jp,Male,190.82.28.136,754,3/8/2016
755,Diana,Chavez,dchavezky@surveymonkey.com,Female,32.78.88.60,755,4/19/2016
756,Mark,Gonzales,mgonzaleskz@youtu.be,Male,194.18.51.76,756,3/16/2016
757,Carol,Meyer,cmeyerl0@liveinternet.ru,Female,10.10.68.19,757,1/12/2017
758,Frank,Harrison,fharrisonl1@tumblr.com,Male,73.5.249.248,758,1/13/2017
759,David,Carter,dcarterl2@archive.org,Male,176.41.78.150,759,1/29/2017
760,Aaron,Reed,areedl3@illinois.edu,Male,59.24.211.87,760,4/23/2016
761,Ronald,Stevens,rstevensl4@time.com,Male,119.199.165.200,761,10/10/2016
762,Linda,Rice,lricel5@google.com,Female,38.113.103.192,762,5/26/2016
763,Mark,Murphy,mmurphyl6@networkadvertising.org,Male,203.213.215.237,763,2/20/2017
764,Mark,Bishop,mbishopl7@walmart.com,Male,103.249.155.141,764,7/10/2016
765,Henry,Peterson,hpetersonl8@columbia.edu,Male,123.23.7.184,765,5/12/2016
766,Ralph,Vasquez,rvasquezl9@simplemachines.org,Male,229.27.137.148,766,2/14/2017
767,Patrick,Medina,pmedinala@odnoklassniki.ru,Male,246.6.158.47,767,4/5/2016
768,Robin,Carpenter,rcarpenterlb@twitpic.com,Female,118.73.218.134,768,4/2/2016
769,Janice,Gray,jgraylc@canalblog.com,Female,46.160.155.135,769,6/4/2016
770,Jane,Bryant,jbryantld@cafepress.com,Female,190.167.138.39,770,6/30/2016
771,Keith,Young,kyoungle@nyu.edu,Male,155.232.234.43,771,4/3/2016
772,Teresa,Diaz,tdiazlf@prlog.org,Female,247.236.169.164,772,1/8/2017
773,Sean,Cruz,scruzlg@w3.org,Male,87.82.241.59,773,10/26/2016
774,Sean,Long,slonglh@sbwire.com,Male,127.155.2.73,774,3/18/2016
775,Todd,Taylor,ttaylorli@hexun.com,Male,98.225.167.47,775,2/6/2017
776,Janice,Ward,jwardlj@toplist.cz,Female,252.21.31.134,776,9/27/2016
777,Carol,Thompson,cthompsonlk@discuz.net,Female,199.231.8.216,777,7/10/2016
778,Robert,Alexander,ralexanderll@discovery.com,Male,22.1.24.255,778,11/2/2016
779,Rose,Williamson,rwilliamsonlm@cyberchimps.com,Female,164.105.116.131,779,11/21/2016
780,Jerry,Barnes,jbarnesln@sphinn.com,Male,7.125.216.167,780,9/27/2016
781,Sarah,Richards,srichardslo@de.vu,Female,136.176.123.150,781,3/1/2016
782,Patrick,Payne,ppaynelp@jugem.jp,Male,196.59.176.225,782,12/2/2016
783,Donald,Andrews,dandrewslq@networkadvertising.org,Male,158.127.76.116,783,10/5/2016
784,Ronald,Reid,rreidlr@bandcamp.com,Male,225.204.9.231,784,5/10/2016
785,Lawrence,Ellis,lellisls@boston.com,Male,2.132.74.116,785,5/31/2016
786,William,Lee,wleelt@wikispaces.com,Male,74.233.220.171,786,9/14/2016
787,Sarah,Marshall,smarshalllu@cyberchimps.com,Female,24.254.106.237,787,3/21/2016
788,Louis,Alvarez,lalvarezlv@flickr.com,Male,138.64.77.247,788,7/26/2016
789,Jimmy,Mcdonald,jmcdonaldlw@yellowpages.com,Male,237.165.28.95,789,9/17/2016
790,Daniel,Watson,dwatsonlx@intel.com,Male,156.224.122.211,790,5/13/2016
791,Roger,Butler,rbutlerly@tinypic.com,Male,241.33.138.198,791,12/27/2016
792,Marie,Fuller,mfullerlz@tinyurl.com,Female,230.35.244.119,792,7/28/2016
793,Susan,Hayes,shayesm0@unesco.org,Female,109.157.180.220,793,4/4/2016
794,Ruth,Mason,rmasonm1@netscape.com,Female,59.211.110.159,794,3/30/2016
795,Brenda,Mason,bmasonm2@posterous.com,Female,10.55.150.14,795,2/9/2017
796,Margaret,Snyder,msnyderm3@google.es,Female,236.97.219.11,796,4/10/2016
797,Brian,Morales,bmoralesm4@networkadvertising.org,Male,104.251.164.167,797,3/17/2016
798,Todd,George,tgeorgem5@miitbeian.gov.cn,Male,48.209.6.169,798,1/11/2017
799,Carolyn,Lynch,clynchm6@narod.ru,Female,117.66.158.134,799,9/22/2016
800,Theresa,Williamson,twilliamsonm7@usgs.gov,Female,179.128.115.159,800,10/1/2016
801,Victor,Olson,volsonm8@newyorker.com,Male,206.224.72.120,801,4/9/2016
802,Jeffrey,Lawrence,jlawrencem9@tuttocitta.it,Male,50.184.141.45,802,2/22/2017
803,Jennifer,West,jwestma@squarespace.com,Female,205.190.236.23,803,11/2/2016
804,Chris,Jenkins,cjenkinsmb@washington.edu,Male,83.249.68.255,804,9/8/2016
805,Emily,Johnson,ejohnsonmc@surveymonkey.com,Female,242.9.139.165,805,3/30/2016
806,Phyllis,Fox,pfoxmd@hexun.com,Female,103.199.200.52,806,11/30/2016
807,Paula,Ryan,pryanme@flavors.me,Female,24.169.137.115,807,6/20/2016
808,Harry,Andrews,handrewsmf@soup.io,Male,39.75.27.112,808,8/20/2016
809,Gerald,Harris,gharrismg@w3.org,Male,210.155.109.237,809,5/29/2016
810,Doris,White,dwhitemh@twitpic.com,Female,234.237.134.228,810,6/1/2016
811,Ralph,Fields,rfieldsmi@wikipedia.org,Male,87.67.142.150,811,4/8/2016
812,Ruth,Harper,rharpermj@google.ca,Female,100.163.170.24,812,12/25/2016
813,Kathleen,Willis,kwillismk@elpais.com,Female,220.122.187.202,813,8/17/2016
814,Emily,Gibson,egibsonml@github.com,Female,83.68.241.43,814,7/30/2016
815,Harry,Wallace,hwallacemm@tmall.com,Male,194.165.210.180,815,11/24/2016
816,Jean,Gibson,jgibsonmn@wordpress.org,Female,166.16.36.8,816,10/4/2016
817,Randy,Jenkins,rjenkinsmo@theglobeandmail.com,Male,5.219.14.38,817,2/28/2016
818,Gloria,Perkins,gperkinsmp@engadget.com,Female,26.170.66.26,818,9/7/2016
819,Ruth,Roberts,rrobertsmq@jugem.jp,Female,65.163.125.234,819,3/8/2016
820,Jeremy,Burton,jburtonmr@oakley.com,Male,37.92.170.243,820,5/27/2016
821,Henry,Ford,hfordms@cbsnews.com,Male,10.125.151.74,821,8/14/2016
822,Diana,Burns,dburnsmt@blogs.com,Female,57.53.40.37,822,7/27/2016
823,Cynthia,Peters,cpetersmu@live.com,Female,18.220.227.111,823,1/26/2017
824,Emily,Gray,egraymv@over-blog.com,Female,210.161.41.153,824,6/7/2016
825,Mary,Taylor,mtaylormw@marriott.com,Female,21.2.155.112,825,3/29/2016
826,Ralph,Perkins,rperkinsmx@163.com,Male,54.55.30.254,826,7/22/2016
827,Richard,Butler,rbutlermy@newsvine.com,Male,128.0.76.80,827,9/13/2016
828,Julie,Pierce,jpiercemz@trellian.com,Female,99.221.105.103,828,2/16/2017
829,Christine,Rice,cricen0@t-online.de,Female,153.47.51.35,829,8/24/2016
830,Ashley,Peterson,apetersonn1@list-manage.com,Female,152.234.122.70,830,10/11/2016
831,Anne,Murphy,amurphyn2@drupal.org,Female,224.131.120.111,831,12/21/2016
832,Gary,Ramos,gramosn3@cyberchimps.com,Male,230.237.113.203,832,4/9/2016
833,Sean,Gonzalez,sgonzalezn4@usda.gov,Male,156.209.141.199,833,12/9/2016
834,Christopher,Stone,cstonen5@phoca.cz,Male,55.160.94.8,834,1/12/2017
835,Angela,Bryant,abryantn6@omniture.com,Female,19.53.147.220,835,6/9/2016
836,Fred,Moore,fmooren7@ucla.edu,Male,167.249.17.53,836,12/11/2016
837,Janice,Taylor,jtaylorn8@blogtalkradio.com,Female,105.206.93.114,837,2/19/2017
838,Diane,Jones,djonesn9@google.ca,Female,35.192.43.127,838,11/27/2016
839,Theresa,Fowler,tfowlerna@stumbleupon.com,Female,4.0.114.60,839,2/23/2017
840,Carolyn,Burke,cburkenb@google.es,Female,163.207.102.53,840,11/4/2016
841,Brandon,Davis,bdavisnc@ft.com,Male,34.253.240.190,841,12/20/2016
842,Emily,Day,edaynd@mozilla.com,Female,175.70.128.68,842,11/5/2016
843,Andrew,Green,agreenne@skyrock.com,Male,180.121.49.179,843,5/5/2016
844,Rose,Nelson,rnelsonnf@senate.gov,Female,214.115.238.184,844,7/18/2016
845,Heather,Lopez,hlopezng@csmonitor.com,Female,227.186.99.13,845,3/19/2016
846,Jimmy,Hawkins,jhawkinsnh@forbes.com,Male,180.255.109.158,846,10/16/2016
847,Jason,Burns,jburnsni@arstechnica.com,Male,161.39.81.108,847,9/20/2016
848,Cynthia,Davis,cdavisnj@imdb.com,Female,207.234.58.228,848,8/4/2016
849,George,Roberts,grobertsnk@4shared.com,Male,126.24.97.117,849,2/29/2016
850,Jason,Butler,jbutlernl@canalblog.com,Male,46.138.104.234,850,5/27/2016
851,Diane,Weaver,dweavernm@google.co.uk,Female,80.52.68.54,851,1/7/2017
852,Johnny,Alvarez,jalvareznn@tmall.com,Male,234.57.3.165,852,2/9/2017
853,Harold,Sullivan,hsullivanno@list-manage.com,Male,44.254.1.69,853,4/1/2016
854,Jean,Berry,jberrynp@forbes.com,Female,154.246.183.18,854,1/12/2017
855,Barbara,Jones,bjonesnq@nbcnews.com,Female,28.69.143.3,855,10/12/2016
856,Christina,Ross,crossnr@soundcloud.com,Female,20.165.49.1,856,7/8/2016
857,Mary,Ramirez,mramirezns@acquirethisname.com,Female,19.8.243.232,857,11/12/2016
858,Nicholas,Harrison,nharrisonnt@weebly.com,Male,115.124.197.64,858,5/26/2016
859,Maria,Thompson,mthompsonnu@vimeo.com,Female,46.61.230.124,859,12/19/2016
860,Anthony,Hanson,ahansonnv@alexa.com,Male,35.109.147.199,860,3/9/2016
861,Chris,Garza,cgarzanw@sogou.com,Male,235.107.94.34,861,2/17/2017
862,Paula,Nichols,pnicholsnx@msu.edu,Female,28.54.44.232,862,8/12/2016
863,Chris,Kim,ckimny@g.co,Male,120.139.86.116,863,2/7/2017
864,Sharon,Bell,sbellnz@timesonline.co.uk,Female,48.10.134.52,864,6/5/2016
865,Steven,Green,sgreeno0@apache.org,Male,179.65.35.215,865,5/2/2016
866,Raymond,Cole,rcoleo1@cnet.com,Male,153.157.27.198,866,1/19/2017
867,Scott,Martin,smartino2@bing.com,Male,249.36.52.230,867,12/30/2016
868,Sara,Williamson,swilliamsono3@vk.com,Female,230.58.84.176,868,11/24/2016
869,Anne,Harper,aharpero4@whitehouse.gov,Female,168.40.178.74,869,5/3/2016
870,Ann,Bennett,abennetto5@accuweather.com,Female,18.52.136.112,870,2/3/2017
871,Randy,Holmes,rholmeso6@dropbox.com,Male,153.31.218.150,871,2/13/2017
872,Randy,Hayes,rhayeso7@discuz.net,Male,126.166.157.90,872,9/4/2016
873,Shawn,Murray,smurrayo8@about.me,Male,75.115.168.76,873,12/30/2016
874,Benjamin,Stewart,bstewarto9@ycombinator.com,Male,192.227.69.38,874,11/25/2016
875,Marilyn,Sanchez,msanchezoa@nih.gov,Female,230.222.108.106,875,11/9/2016
876,Jennifer,Murray,jmurrayob@yellowbook.com,Female,120.172.84.127,876,4/9/2016
877,Christopher,Weaver,cweaveroc@sciencedaily.com,Male,168.130.135.62,877,5/13/2016
878,Rebecca,Cox,rcoxod@apache.org,Female,159.136.243.246,878,6/5/2016
879,Paul,Cook,pcookoe@goodreads.com,Male,186.138.126.116,879,8/10/2016
880,Annie,Murray,amurrayof@booking.com,Female,150.162.83.102,880,12/7/2016
881,Donna,Washington,dwashingtonog@webmd.com,Female,215.24.230.66,881,3/20/2016
882,Louis,King,lkingoh@cdbaby.com,Male,174.27.240.140,882,5/3/2016
883,Sandra,Stephens,sstephensoi@odnoklassniki.ru,Female,151.134.120.14,883,8/31/2016
884,Joan,Ward,jwardoj@blogger.com,Female,113.35.80.229,884,1/3/2017
885,Justin,Ortiz,jortizok@yolasite.com,Male,226.147.171.39,885,7/17/2016
886,Amanda,Rivera,ariveraol@ibm.com,Female,89.185.198.186,886,11/20/2016
887,Ruth,Wilson,rwilsonom@shop-pro.jp,Female,222.121.82.176,887,11/22/2016
888,Frank,Bennett,fbennetton@economist.com,Male,156.221.20.210,888,10/31/2016
889,Joyce,Garcia,jgarciaoo@people.com.cn,Female,231.253.155.44,889,2/14/2017
890,John,Boyd,jboydop@blog.com,Male,100.82.150.168,890,11/4/2016
891,Jessica,Ray,jrayoq@vistaprint.com,Female,37.141.224.43,891,9/3/2016
892,Louise,Johnston,ljohnstonor@youtu.be,Female,115.105.3.216,892,7/13/2016
893,Shawn,Pierce,spierceos@shop-pro.jp,Male,247.254.234.100,893,6/20/2016
894,Eric,Evans,eevansot@hud.gov,Male,91.18.107.10,894,12/31/2016
895,Martin,Bailey,mbaileyou@booking.com,Male,228.26.34.124,895,5/10/2016
896,Brenda,Walker,bwalkerov@house.gov,Female,7.212.55.162,896,8/2/2016
897,Gary,Little,glittleow@plala.or.jp,Male,241.3.72.110,897,6/18/2016
898,Timothy,Green,tgreenox@elpais.com,Male,84.241.220.60,898,4/12/2016
899,Kathy,Greene,kgreeneoy@google.pl,Female,79.137.253.120,899,10/21/2016
900,Gloria,Montgomery,gmontgomeryoz@buzzfeed.com,Female,119.63.209.67,900,10/3/2016
901,Joshua,Reid,jreidp0@soup.io,Male,145.202.242.72,901,11/25/2016
902,Tina,Mason,tmasonp1@bing.com,Female,207.193.85.180,902,10/26/2016
903,Sarah,Bradley,sbradleyp2@huffingtonpost.com,Female,14.38.225.81,903,11/8/2016
904,Laura,Mcdonald,lmcdonaldp3@elpais.com,Female,125.170.48.133,904,12/28/2016
905,Jesse,Marshall,jmarshallp4@craigslist.org,Male,64.70.197.174,905,9/14/2016
906,Shawn,Lee,sleep5@clickbank.net,Male,253.174.17.206,906,10/5/2016
907,Joe,Porter,jporterp6@ted.com,Male,244.72.17.178,907,12/31/2016
908,Matthew,Dean,mdeanp7@fotki.com,Male,53.160.1.106,908,7/31/2016
909,Daniel,Matthews,dmatthewsp8@ovh.net,Male,234.207.193.13,909,12/14/2016
910,Ernest,Johnston,ejohnstonp9@github.com,Male,146.21.198.113,910,11/20/2016
911,Jason,Allen,jallenpa@hostgator.com,Male,143.123.117.139,911,5/14/2016
912,Martin,Owens,mowenspb@clickbank.net,Male,95.65.152.168,912,7/7/2016
913,Rachel,Cook,rcookpc@scribd.com,Female,224.84.126.13,913,3/8/2016
914,Susan,Henderson,shendersonpd@mtv.com,Female,179.18.88.3,914,11/30/2016
915,Lori,Howard,lhowardpe@goodreads.com,Female,34.113.98.48,915,4/17/2016
916,Philip,Black,pblackpf@skype.com,Male,208.116.164.147,916,6/27/2016
917,Brandon,Ryan,bryanpg@google.co.uk,Male,213.34.210.226,917,4/23/2016
918,Matthew,Watkins,mwatkinsph@google.de,Male,94.159.88.179,918,9/19/2016
919,Judith,Burke,jburkepi@seesaa.net,Female,195.129.129.25,919,11/15/2016
920,Maria,Hughes,mhughespj@plala.or.jp,Female,35.250.82.27,920,3/5/2016
921,Matthew,Mason,mmasonpk@ucsd.edu,Male,50.197.144.183,921,11/10/2016
922,Patricia,Gray,pgraypl@ted.com,Female,20.39.57.232,922,8/3/2016
923,Gerald,Chavez,gchavezpm@stumbleupon.com,Male,169.40.19.86,923,5/10/2016
924,Katherine,Gilbert,kgilbertpn@tamu.edu,Female,114.84.125.191,924,10/5/2016
925,Amy,Lawrence,alawrencepo@sogou.com,Female,229.62.183.31,925,3/31/2016
926,Kimberly,Dunn,kdunnpp@sphinn.com,Female,76.185.117.195,926,6/30/2016
927,Karen,Brooks,kbrookspq@alibaba.com,Female,84.243.36.38,927,7/21/2016
928,Juan,Fowler,jfowlerpr@mtv.com,Male,216.214.122.132,928,11/11/2016
929,Tammy,Rogers,trogersps@liveinternet.ru,Female,142.104.173.197,929,1/3/2017
930,Timothy,Lynch,tlynchpt@ustream.tv,Male,182.122.213.35,930,2/8/2017
931,Martin,Reed,mreedpu@utexas.edu,Male,74.62.43.178,931,6/30/2016
932,Kathy,Flores,kflorespv@cnet.com,Female,26.194.234.203,932,9/7/2016
933,Samuel,Allen,sallenpw@hc360.com,Male,69.9.172.92,933,12/11/2016
934,James,Carroll,jcarrollpx@house.gov,Male,11.205.125.5,934,9/9/2016
935,Jean,Hughes,jhughespy@symantec.com,Female,222.139.14.80,935,11/1/2016
936,Dennis,Mendoza,dmendozapz@wordpress.com,Male,198.160.37.133,936,1/2/2017
937,Carl,Reynolds,creynoldsq0@dailymotion.com,Male,192.88.72.220,937,12/18/2016
938,Beverly,Cole,bcoleq1@squidoo.com,Female,233.223.155.105,938,7/3/2016
939,Douglas,Lee,dleeq2@vkontakte.ru,Male,6.151.209.117,939,9/11/2016
940,Frances,Ford,ffordq3@ucoz.com,Female,20.27.213.252,940,9/29/2016
941,Todd,Garrett,tgarrettq4@posterous.com,Male,207.96.83.114,941,11/30/2016
942,Wanda,Ross,wrossq5@theguardian.com,Female,73.229.42.118,942,3/11/2016
943,Rachel,Ruiz,rruizq6@thetimes.co.uk,Female,170.60.166.205,943,3/28/2016
944,Donald,Clark,dclarkq7@trellian.com,Male,251.150.196.63,944,9/3/2016
945,Mary,Day,mdayq8@wired.com,Female,51.152.205.107,945,5/17/2016
946,Alan,Banks,abanksq9@alexa.com,Male,255.110.116.28,946,4/17/2016
947,Nancy,Matthews,nmatthewsqa@barnesandnoble.com,Female,15.230.80.109,947,9/23/2016
948,Denise,Green,dgreenqb@csmonitor.com,Female,62.144.225.244,948,5/24/2016
949,Timothy,Matthews,tmatthewsqc@wufoo.com,Male,140.61.43.166,949,3/22/2016
950,William,Barnes,wbarnesqd@prweb.com,Male,139.136.27.80,950,1/25/2017
951,Martin,Pierce,mpierceqe@mtv.com,Male,159.116.86.29,951,6/10/2016
952,Heather,Little,hlittleqf@msn.com,Female,126.8.51.1,952,1/11/2017
953,Douglas,Fuller,dfullerqg@uol.com.br,Male,164.145.166.80,953,4/21/2016
954,Timothy,Harrison,tharrisonqh@patch.com,Male,71.253.173.244,954,11/21/2016
955,Jacqueline,Martinez,jmartinezqi@senate.gov,Female,75.19.148.197,955,2/17/2017
956,Anne,Flores,afloresqj@java.com,Female,254.40.44.1,956,8/11/2016
957,Larry,Chavez,lchavezqk@nhs.uk,Male,3.66.205.117,957,6/1/2016
958,Timothy,Ray,trayql@sciencedaily.com,Male,249.221.3.203,958,11/30/2016
959,Donna,Wheeler,dwheelerqm@phpbb.com,Female,71.195.46.13,959,8/22/2016
960,Roger,Dunn,rdunnqn@noaa.gov,Male,65.248.144.85,960,4/9/2016
961,Thomas,Chapman,tchapmanqo@redcross.org,Male,26.231.18.60,961,9/27/2016
962,Charles,Kennedy,ckennedyqp@desdev.cn,Male,0.54.222.7,962,2/3/2017
963,Carolyn,Greene,cgreeneqq@craigslist.org,Female,115.38.207.91,963,12/22/2016
964,Sarah,Garza,sgarzaqr@earthlink.net,Female,58.79.220.120,964,2/28/2016
965,Randy,Oliver,roliverqs@uiuc.edu,Male,175.10.74.38,965,4/21/2016
966,William,Garza,wgarzaqt@webnode.com,Male,116.104.153.31,966,3/6/2016
967,Shirley,Medina,smedinaqu@earthlink.net,Female,49.52.89.212,967,2/4/2017
968,Ryan,Cox,rcoxqv@yellowpages.com,Male,167.195.136.141,968,1/20/2017
969,Michelle,Perez,mperezqw@mapquest.com,Female,60.170.215.90,969,5/17/2016
970,Sarah,Richards,srichardsqx@nbcnews.com,Female,146.229.64.208,970,1/15/2017
971,Annie,Stephens,astephensqy@diigo.com,Female,227.147.87.253,971,12/4/2016
972,Jason,Arnold,jarnoldqz@jimdo.com,Male,201.118.35.165,972,11/30/2016
973,Russell,Fox,rfoxr0@wordpress.com,Male,192.138.74.104,973,10/11/2016
974,Steven,Kennedy,skennedyr1@fc2.com,Male,109.182.104.238,974,9/2/2016
975,Janice,Hall,jhallr2@epa.gov,Female,116.63.39.189,975,1/7/2017
976,Ashley,Fields,afieldsr3@jugem.jp,Female,87.170.164.202,976,5/4/2016
977,Jessica,Ross,jrossr4@etsy.com,Female,86.96.108.17,977,3/8/2016
978,Rachel,Hernandez,rhernandezr5@i2i.jp,Female,154.240.55.136,978,9/20/2016
979,Harold,Hughes,hhughesr6@chicagotribune.com,Male,71.254.110.168,979,2/12/2017
980,Angela,Gray,agrayr7@disqus.com,Female,22.115.234.159,980,4/28/2016
981,Judith,Hanson,jhansonr8@exblog.jp,Female,71.50.81.150,981,10/9/2016
982,David,Brown,dbrownr9@goodreads.com,Male,176.2.114.101,982,2/17/2017
983,Jimmy,Mccoy,jmccoyra@techcrunch.com,Male,107.174.23.233,983,10/6/2016
984,Eric,Stanley,estanleyrb@fotki.com,Male,51.58.17.137,984,7/21/2016
985,Julie,Schmidt,jschmidtrc@dell.com,Female,225.211.227.34,985,1/11/2017
986,Harry,Jones,hjonesrd@upenn.edu,Male,88.219.133.92,986,2/17/2017
987,Tammy,Banks,tbanksre@vimeo.com,Female,42.56.147.1,987,4/17/2016
988,Mark,Ortiz,mortizrf@netvibes.com,Male,161.11.93.125,988,10/11/2016
989,Kimberly,Ruiz,kruizrg@com.com,Female,244.248.16.8,989,5/5/2016
990,Billy,Matthews,bmatthewsrh@npr.org,Male,124.56.158.202,990,10/26/2016
991,Stephen,Harper,sharperri@phpbb.com,Male,223.75.24.149,991,12/19/2016
992,Donald,Williams,dwilliamsrj@usda.gov,Male,154.25.109.155,992,9/19/2016
993,Douglas,Mcdonald,dmcdonaldrk@yahoo.co.jp,Male,231.171.85.147,993,10/23/2016
994,Kevin,Andrews,kandrewsrl@psu.edu,Male,136.69.60.5,994,4/14/2016
995,Anthony,Watkins,awatkinsrm@sfgate.com,Male,186.189.86.5,995,2/24/2016
996,Martha,Morrison,mmorrisonrn@delicious.com,Female,6.45.110.74,996,1/4/2017
997,Louis,Daniels,ldanielsro@scientificamerican.com,Male,187.231.189.213,997,10/29/2016
998,Louise,Cox,lcoxrp@nih.gov,Female,254.117.143.155,998,11/24/2016
999,Julia,Hansen,jhansenrq@jimdo.com,Female,152.52.22.162,999,1/17/2017
1000,Carol,Henderson,chendersonrr@admin.ch,Female,199.85.118.44,1000,2/9/2017
